day,timestamp,product,bid_price_1,bid_volume_1,bid_price_2,bid_volume_2,bid_price_3,bid_volume_3,ask_price_1,ask_volume_1,ask_price_2,ask_volume_2,ask_price_3,ask_volume_3,mid_price,profit_and_loss
1,0,ORCHIDS,1094,10,1093.0,3.0,1086.0,41.0,1102,10,1104.0,3.0,1111.0,41.0,1098.0,0.0
1,100,ORCHIDS,1094,6,1093.0,2.0,1087.0,51.0,1102,6,1103.0,2.0,1110.0,51.0,1098.0,0.0
1,200,ORCHIDS,1093,6,1092.0,3.0,1085.0,49.0,1101,6,1102.0,3.0,1108.0,49.0,1097.0,0.0
1,300,ORCHIDS,1093,10,1092.0,4.0,1085.0,52.0,1101,10,1102.0,4.0,1109.0,52.0,1097.0,0.0
1,400,ORCHIDS,1093,10,1092.0,3.0,1086.0,51.0,1101,10,1102.0,3.0,1109.0,51.0,1097.0,0.0
1,500,ORCHIDS,1094,5,1093.0,4.0,1086.0,41.0,1102,5,1103.0,4.0,1109.0,41.0,1098.0,0.0
1,600,ORCHIDS,1093,10,1092.0,3.0,1086.0,49.0,1101,10,1102.0,3.0,1109.0,49.0,1097.0,0.0
1,700,ORCHIDS,1093,6,1092.0,5.0,1086.0,41.0,1101,6,1102.0,5.0,1109.0,41.0,1097.0,0.0
1,800,ORCHIDS,1093,10,1092.0,3.0,1085.0,47.0,1101,10,1102.0,3.0,1108.0,47.0,1097.0,0.0
1,900,ORCHIDS,1093,10,1092.0,5.0,1086.0,45.0,1101,10,1102.0,5.0,1109.0,45.0,1097.0,0.0
1,1000,ORCHIDS,1094,8,1092.0,3.0,1086.0,54.0,1101,8,1103.0,3.0,1109.0,54.0,1097.5,0.0
1,1100,ORCHIDS,1092,10,1091.0,3.0,1085.0,57.0,1100,10,1101.0,3.0,1108.0,57.0,1096.0,0.0
1,1200,ORCHIDS,1094,9,1093.0,5.0,1087.0,49.0,1102,9,1103.0,5.0,1110.0,49.0,1098.0,0.0
1,1300,ORCHIDS,1094,6,1093.0,4.0,1086.0,39.0,1102,6,1103.0,4.0,1109.0,39.0,1098.0,0.0
1,1400,ORCHIDS,1095,5,1094.0,4.0,1087.0,45.0,1103,5,1104.0,4.0,1110.0,45.0,1099.0,0.0
1,1500,ORCHIDS,1094,9,1093.0,2.0,1086.0,54.0,1102,9,1103.0,2.0,1109.0,54.0,1098.0,0.0
1,1600,ORCHIDS,1094,7,1093.0,2.0,1087.0,42.0,1102,7,1103.0,2.0,1110.0,42.0,1098.0,0.0
1,1700,ORCHIDS,1095,8,1094.0,4.0,1087.0,50.0,1103,8,1104.0,4.0,1110.0,50.0,1099.0,0.0
1,1800,ORCHIDS,1095,6,1094.0,4.0,1087.0,49.0,1103,6,1104.0,4.0,1110.0,49.0,1099.0,0.0
1,1900,ORCHIDS,1097,5,1096.0,4.0,1089.0,40.0,1105,5,1106.0,4.0,1112.0,40.0,1101.0,0.0
1,2000,ORCHIDS,1097,8,1096.0,2.0,1089.0,41.0,1105,8,1106.0,2.0,1112.0,41.0,1101.0,0.0
1,2100,ORCHIDS,1097,7,1096.0,3.0,1089.0,48.0,1105,7,1106.0,3.0,1112.0,48.0,1101.0,0.0
1,2200,ORCHIDS,1098,7,1097.0,2.0,1090.0,48.0,1106,7,1107.0,2.0,1113.0,48.0,1102.0,0.0
1,2300,ORCHIDS,1099,9,1098.0,4.0,1091.0,47.0,1107,9,1108.0,4.0,1114.0,47.0,1103.0,0.0
1,2400,ORCHIDS,1099,10,1098.0,3.0,1091.0,51.0,1107,10,1108.0,3.0,1114.0,51.0,1103.0,0.0
1,2500,ORCHIDS,1096,10,1095.0,3.0,1089.0,48.0,1104,10,1105.0,3.0,1112.0,48.0,1100.0,0.0
1,2600,ORCHIDS,1094,6,1093.0,5.0,1087.0,36.0,1102,6,1103.0,5.0,1110.0,36.0,1098.0,0.0
1,2700,ORCHIDS,1095,8,1094.0,3.0,1087.0,48.0,1103,8,1104.0,3.0,1110.0,48.0,1099.0,0.0
1,2800,ORCHIDS,1096,8,1095.0,5.0,1088.0,42.0,1104,8,1105.0,5.0,1111.0,42.0,1100.0,0.0
1,2900,ORCHIDS,1098,10,1097.0,4.0,1090.0,47.0,1106,10,1107.0,4.0,1113.0,47.0,1102.0,0.0
1,3000,ORCHIDS,1098,10,1097.0,5.0,1091.0,48.0,1106,10,1107.0,5.0,1114.0,48.0,1102.0,0.0
1,3100,ORCHIDS,1100,5,1099.0,3.0,1093.0,48.0,1108,5,1109.0,3.0,1116.0,48.0,1104.0,0.0
1,3200,ORCHIDS,1099,6,1098.0,5.0,1091.0,46.0,1107,6,1108.0,5.0,1114.0,46.0,1103.0,0.0
1,3300,ORCHIDS,1098,6,1097.0,3.0,1091.0,44.0,1106,6,1107.0,3.0,1114.0,44.0,1102.0,0.0
1,3400,ORCHIDS,1098,6,1097.0,2.0,1091.0,50.0,1106,6,1107.0,2.0,1114.0,50.0,1102.0,0.0
1,3500,ORCHIDS,1098,6,1097.0,3.0,1090.0,41.0,1106,6,1107.0,3.0,1114.0,41.0,1102.0,0.0
1,3600,ORCHIDS,1098,8,1097.0,5.0,1090.0,53.0,1106,8,1107.0,5.0,1113.0,53.0,1102.0,0.0
1,3700,ORCHIDS,1097,5,1096.0,3.0,1090.0,45.0,1105,5,1106.0,3.0,1113.0,45.0,1101.0,0.0
1,3800,ORCHIDS,1098,10,1097.0,5.0,1091.0,50.0,1106,10,1107.0,5.0,1114.0,50.0,1102.0,0.0
1,3900,ORCHIDS,1098,8,1097.0,3.0,1091.0,45.0,1106,8,1107.0,3.0,1114.0,45.0,1102.0,0.0
1,4000,ORCHIDS,1099,10,1098.0,4.0,1092.0,56.0,1107,10,1108.0,4.0,1115.0,56.0,1103.0,0.0
1,4100,ORCHIDS,1099,8,1098.0,5.0,1092.0,44.0,1107,8,1108.0,5.0,1115.0,44.0,1103.0,0.0
1,4200,ORCHIDS,1099,6,1098.0,5.0,1091.0,52.0,1107,6,1108.0,5.0,1114.0,52.0,1103.0,0.0
1,4300,ORCHIDS,1100,9,1099.0,5.0,1092.0,51.0,1108,9,1109.0,5.0,1115.0,51.0,1104.0,0.0
1,4400,ORCHIDS,1100,5,1099.0,5.0,1092.0,43.0,1108,5,1109.0,5.0,1116.0,43.0,1104.0,0.0
1,4500,ORCHIDS,1100,7,1099.0,5.0,1093.0,44.0,1108,7,1109.0,5.0,1116.0,44.0,1104.0,0.0
1,4600,ORCHIDS,1100,9,1099.0,3.0,1093.0,42.0,1108,9,1109.0,3.0,1116.0,42.0,1104.0,0.0
1,4700,ORCHIDS,1099,6,1098.0,3.0,1092.0,52.0,1107,6,1108.0,3.0,1115.0,52.0,1103.0,0.0
1,4800,ORCHIDS,1099,8,1098.0,2.0,1091.0,53.0,1107,8,1108.0,2.0,1115.0,53.0,1103.0,0.0
1,4900,ORCHIDS,1098,5,1097.0,2.0,1090.0,47.0,1106,5,1107.0,2.0,1113.0,47.0,1102.0,0.0
1,5000,ORCHIDS,1097,8,1096.0,4.0,1090.0,53.0,1105,8,1106.0,4.0,1113.0,53.0,1101.0,0.0
1,5100,ORCHIDS,1096,6,1095.0,2.0,1089.0,43.0,1104,6,1105.0,2.0,1112.0,43.0,1100.0,0.0
1,5200,ORCHIDS,1097,9,1096.0,2.0,1090.0,51.0,1105,9,1106.0,2.0,1113.0,51.0,1101.0,0.0
1,5300,ORCHIDS,1098,9,1097.0,5.0,1091.0,41.0,1106,9,1107.0,5.0,1114.0,41.0,1102.0,0.0
1,5400,ORCHIDS,1098,6,1097.0,5.0,1091.0,39.0,1106,6,1107.0,5.0,1114.0,39.0,1102.0,0.0
1,5500,ORCHIDS,1097,10,1096.0,3.0,1089.0,56.0,1105,10,1106.0,3.0,1112.0,56.0,1101.0,0.0
1,5600,ORCHIDS,1098,5,1097.0,2.0,1090.0,43.0,1106,5,1107.0,2.0,1113.0,43.0,1102.0,0.0
1,5700,ORCHIDS,1099,7,1098.0,5.0,1091.0,55.0,1107,7,1108.0,5.0,1114.0,55.0,1103.0,0.0
1,5800,ORCHIDS,1099,10,1098.0,4.0,1091.0,53.0,1107,10,1108.0,4.0,1115.0,53.0,1103.0,0.0
1,5900,ORCHIDS,1098,9,1097.0,5.0,1090.0,52.0,1106,9,1107.0,5.0,1113.0,52.0,1102.0,0.0
1,6000,ORCHIDS,1098,10,1096.0,4.0,1090.0,58.0,1105,10,1107.0,4.0,1113.0,58.0,1101.5,0.0
1,6100,ORCHIDS,1098,8,1097.0,5.0,1091.0,49.0,1106,8,1107.0,5.0,1114.0,49.0,1102.0,0.0
1,6200,ORCHIDS,1100,9,1099.0,2.0,1093.0,43.0,1108,9,1109.0,2.0,1116.0,43.0,1104.0,0.0
1,6300,ORCHIDS,1100,9,1099.0,2.0,1092.0,46.0,1108,9,1109.0,2.0,1116.0,46.0,1104.0,0.0
1,6400,ORCHIDS,1098,7,1097.0,4.0,1091.0,48.0,1106,7,1107.0,4.0,1114.0,48.0,1102.0,0.0
1,6500,ORCHIDS,1097,9,1096.0,4.0,1090.0,46.0,1105,9,1106.0,4.0,1113.0,46.0,1101.0,0.0
1,6600,ORCHIDS,1097,10,1096.0,4.0,1089.0,48.0,1105,10,1106.0,4.0,1113.0,48.0,1101.0,0.0
1,6700,ORCHIDS,1096,9,1095.0,2.0,1088.0,51.0,1104,9,1105.0,2.0,1111.0,51.0,1100.0,0.0
1,6800,ORCHIDS,1094,5,1093.0,5.0,1087.0,50.0,1102,5,1103.0,5.0,1110.0,50.0,1098.0,0.0
1,6900,ORCHIDS,1095,5,1094.0,5.0,1088.0,41.0,1103,5,1104.0,5.0,1111.0,41.0,1099.0,0.0
1,7000,ORCHIDS,1095,10,1094.0,3.0,1087.0,48.0,1103,10,1104.0,3.0,1111.0,48.0,1099.0,0.0
1,7100,ORCHIDS,1095,6,1094.0,5.0,1087.0,49.0,1103,6,1104.0,5.0,1111.0,49.0,1099.0,0.0
1,7200,ORCHIDS,1096,8,1095.0,3.0,1089.0,38.0,1104,8,1105.0,3.0,1112.0,38.0,1100.0,0.0
1,7300,ORCHIDS,1096,8,1095.0,3.0,1089.0,44.0,1104,8,1105.0,3.0,1112.0,44.0,1100.0,0.0
1,7400,ORCHIDS,1096,10,1095.0,3.0,1088.0,46.0,1104,10,1105.0,3.0,1111.0,46.0,1100.0,0.0
1,7500,ORCHIDS,1098,8,1097.0,4.0,1090.0,40.0,1106,8,1107.0,4.0,1113.0,40.0,1102.0,0.0
1,7600,ORCHIDS,1098,9,1097.0,5.0,1090.0,53.0,1106,9,1107.0,5.0,1113.0,53.0,1102.0,0.0
1,7700,ORCHIDS,1097,7,1096.0,3.0,1089.0,44.0,1105,7,1106.0,3.0,1112.0,44.0,1101.0,0.0
1,7800,ORCHIDS,1094,8,1093.0,3.0,1087.0,41.0,1102,8,1103.0,3.0,1110.0,41.0,1098.0,0.0
1,7900,ORCHIDS,1093,6,1092.0,2.0,1086.0,41.0,1101,6,1102.0,2.0,1109.0,41.0,1097.0,0.0
1,8000,ORCHIDS,1099,2,1093.0,9.0,1092.0,2.0,1101,9,1102.0,2.0,1109.0,48.0,1100.0,0.0
1,8100,ORCHIDS,1093,6,1092.0,2.0,1085.0,47.0,1101,6,1102.0,2.0,1108.0,47.0,1097.0,0.0
1,8200,ORCHIDS,1092,5,1091.0,2.0,1084.0,43.0,1100,5,1101.0,2.0,1107.0,43.0,1096.0,0.0
1,8300,ORCHIDS,1092,6,1091.0,4.0,1085.0,43.0,1100,6,1101.0,4.0,1108.0,43.0,1096.0,0.0
1,8400,ORCHIDS,1093,9,1092.0,3.0,1086.0,46.0,1101,9,1102.0,3.0,1109.0,46.0,1097.0,0.0
1,8500,ORCHIDS,1093,7,1092.0,2.0,1085.0,39.0,1101,7,1102.0,2.0,1108.0,39.0,1097.0,0.0
1,8600,ORCHIDS,1092,8,1091.0,4.0,1084.0,46.0,1100,8,1101.0,4.0,1107.0,46.0,1096.0,0.0
1,8700,ORCHIDS,1092,7,1090.0,2.0,1084.0,51.0,1099,7,1101.0,2.0,1107.0,51.0,1095.5,0.0
1,8800,ORCHIDS,1091,8,1090.0,3.0,1084.0,44.0,1099,8,1100.0,3.0,1107.0,44.0,1095.0,0.0
1,8900,ORCHIDS,1090,9,1089.0,4.0,1083.0,48.0,1098,9,1099.0,4.0,1106.0,48.0,1094.0,0.0
1,9000,ORCHIDS,1091,7,1090.0,3.0,1083.0,47.0,1099,7,1100.0,3.0,1106.0,47.0,1095.0,0.0
1,9100,ORCHIDS,1090,5,1089.0,3.0,1082.0,43.0,1094,9,1098.0,5.0,1099.0,3.0,1092.0,0.0
1,9200,ORCHIDS,1087,9,1086.0,2.0,1080.0,47.0,1095,9,1096.0,2.0,1103.0,47.0,1091.0,0.0
1,9300,ORCHIDS,1087,8,1086.0,4.0,1080.0,43.0,1095,8,1096.0,4.0,1103.0,43.0,1091.0,0.0
1,9400,ORCHIDS,1088,9,1087.0,3.0,1081.0,49.0,1096,9,1097.0,3.0,1104.0,49.0,1092.0,0.0
1,9500,ORCHIDS,1087,8,1086.0,4.0,1080.0,48.0,1095,8,1096.0,4.0,1103.0,48.0,1091.0,0.0
1,9600,ORCHIDS,1086,10,1085.0,3.0,1079.0,50.0,1094,10,1095.0,3.0,1102.0,50.0,1090.0,0.0
1,9700,ORCHIDS,1086,5,1085.0,3.0,1078.0,50.0,1094,5,1095.0,3.0,1101.0,50.0,1090.0,0.0
1,9800,ORCHIDS,1086,10,1084.0,5.0,1078.0,49.0,1093,10,1095.0,5.0,1101.0,49.0,1089.5,0.0
1,9900,ORCHIDS,1088,5,1085.0,5.0,1084.0,4.0,1093,5,1094.0,4.0,1100.0,54.0,1090.5,0.0
1,10000,ORCHIDS,1085,10,1084.0,5.0,1077.0,47.0,1093,10,1094.0,5.0,1101.0,47.0,1089.0,0.0
1,10100,ORCHIDS,1084,7,1083.0,4.0,1076.0,41.0,1092,7,1093.0,4.0,1099.0,41.0,1088.0,0.0
1,10200,ORCHIDS,1083,5,1082.0,4.0,1075.0,48.0,1091,5,1092.0,4.0,1098.0,48.0,1087.0,0.0
1,10300,ORCHIDS,1084,8,1083.0,3.0,1077.0,47.0,1092,8,1093.0,3.0,1100.0,47.0,1088.0,0.0
1,10400,ORCHIDS,1085,7,1083.0,4.0,1077.0,46.0,1092,7,1094.0,4.0,1100.0,46.0,1088.5,0.0
1,10500,ORCHIDS,1085,5,1083.0,5.0,1077.0,54.0,1092,5,1094.0,5.0,1100.0,54.0,1088.5,0.0
1,10600,ORCHIDS,1086,8,1085.0,5.0,1078.0,53.0,1094,8,1095.0,5.0,1101.0,53.0,1090.0,0.0
1,10700,ORCHIDS,1085,8,1084.0,4.0,1077.0,41.0,1093,8,1094.0,4.0,1100.0,41.0,1089.0,0.0
1,10800,ORCHIDS,1084,6,1083.0,4.0,1077.0,47.0,1092,6,1093.0,4.0,1100.0,47.0,1088.0,0.0
1,10900,ORCHIDS,1085,10,1084.0,4.0,1077.0,52.0,1093,10,1094.0,4.0,1100.0,52.0,1089.0,0.0
1,11000,ORCHIDS,1085,8,1084.0,4.0,1077.0,42.0,1093,8,1094.0,4.0,1100.0,42.0,1089.0,0.0
1,11100,ORCHIDS,1083,10,1082.0,4.0,1076.0,49.0,1091,10,1092.0,4.0,1099.0,49.0,1087.0,0.0
1,11200,ORCHIDS,1083,10,1082.0,5.0,1076.0,56.0,1091,10,1092.0,5.0,1099.0,56.0,1087.0,0.0
1,11300,ORCHIDS,1082,10,1081.0,2.0,1075.0,52.0,1090,10,1091.0,2.0,1098.0,52.0,1086.0,0.0
1,11400,ORCHIDS,1082,5,1081.0,3.0,1074.0,39.0,1090,5,1091.0,3.0,1097.0,39.0,1086.0,0.0
1,11500,ORCHIDS,1082,10,1081.0,4.0,1074.0,53.0,1090,10,1091.0,4.0,1097.0,53.0,1086.0,0.0
1,11600,ORCHIDS,1081,6,1080.0,5.0,1074.0,53.0,1089,6,1090.0,5.0,1097.0,53.0,1085.0,0.0
1,11700,ORCHIDS,1082,7,1080.0,3.0,1074.0,44.0,1089,7,1091.0,3.0,1097.0,44.0,1085.5,0.0
1,11800,ORCHIDS,1082,7,1080.0,2.0,1074.0,43.0,1089,7,1091.0,2.0,1097.0,43.0,1085.5,0.0
1,11900,ORCHIDS,1082,10,1081.0,2.0,1075.0,42.0,1090,10,1091.0,2.0,1098.0,42.0,1086.0,0.0
1,12000,ORCHIDS,1081,5,1080.0,2.0,1073.0,38.0,1089,5,1090.0,2.0,1096.0,38.0,1085.0,0.0
1,12100,ORCHIDS,1082,8,1081.0,3.0,1074.0,43.0,1086,5,1090.0,8.0,1091.0,3.0,1084.0,0.0
1,12200,ORCHIDS,1082,7,1081.0,2.0,1075.0,43.0,1090,7,1091.0,2.0,1098.0,43.0,1086.0,0.0
1,12300,ORCHIDS,1083,5,1082.0,3.0,1076.0,36.0,1091,5,1092.0,3.0,1099.0,36.0,1087.0,0.0
1,12400,ORCHIDS,1083,10,1082.0,4.0,1076.0,58.0,1091,10,1092.0,4.0,1099.0,58.0,1087.0,0.0
1,12500,ORCHIDS,1083,5,1082.0,5.0,1075.0,45.0,1091,5,1092.0,5.0,1098.0,45.0,1087.0,0.0
1,12600,ORCHIDS,1083,5,1082.0,3.0,1075.0,43.0,1091,5,1092.0,3.0,1098.0,43.0,1087.0,0.0
1,12700,ORCHIDS,1084,8,1083.0,4.0,1076.0,45.0,1088,7,1092.0,8.0,1093.0,4.0,1086.0,0.0
1,12800,ORCHIDS,1084,9,1083.0,2.0,1076.0,51.0,1092,9,1093.0,2.0,1099.0,51.0,1088.0,0.0
1,12900,ORCHIDS,1083,8,1082.0,5.0,1075.0,57.0,1091,8,1092.0,5.0,1098.0,57.0,1087.0,0.0
1,13000,ORCHIDS,1084,7,1083.0,4.0,1076.0,50.0,1092,7,1093.0,4.0,1099.0,50.0,1088.0,0.0
1,13100,ORCHIDS,1083,5,1082.0,5.0,1076.0,43.0,1091,5,1092.0,5.0,1099.0,43.0,1087.0,0.0
1,13200,ORCHIDS,1083,6,1082.0,2.0,1076.0,43.0,1091,6,1092.0,2.0,1099.0,43.0,1087.0,0.0
1,13300,ORCHIDS,1085,9,1084.0,2.0,1077.0,58.0,1093,9,1094.0,2.0,1100.0,58.0,1089.0,0.0
1,13400,ORCHIDS,1084,7,1083.0,5.0,1077.0,54.0,1092,7,1093.0,5.0,1100.0,54.0,1088.0,0.0
1,13500,ORCHIDS,1083,6,1082.0,2.0,1075.0,46.0,1091,6,1092.0,2.0,1098.0,46.0,1087.0,0.0
1,13600,ORCHIDS,1084,7,1083.0,3.0,1076.0,50.0,1092,7,1093.0,3.0,1099.0,50.0,1088.0,0.0
1,13700,ORCHIDS,1084,8,1083.0,4.0,1077.0,57.0,1092,8,1093.0,4.0,1100.0,57.0,1088.0,0.0
1,13800,ORCHIDS,1085,6,1084.0,4.0,1077.0,47.0,1093,6,1094.0,4.0,1100.0,47.0,1089.0,0.0
1,13900,ORCHIDS,1085,6,1084.0,5.0,1077.0,46.0,1093,6,1094.0,5.0,1101.0,46.0,1089.0,0.0
1,14000,ORCHIDS,1087,7,1086.0,2.0,1080.0,50.0,1095,7,1096.0,2.0,1103.0,50.0,1091.0,0.0
1,14100,ORCHIDS,1087,10,1086.0,2.0,1080.0,50.0,1095,10,1096.0,2.0,1103.0,50.0,1091.0,0.0
1,14200,ORCHIDS,1086,9,1085.0,4.0,1078.0,50.0,1094,9,1095.0,4.0,1101.0,50.0,1090.0,0.0
1,14300,ORCHIDS,1086,6,1085.0,4.0,1078.0,48.0,1094,6,1095.0,4.0,1101.0,48.0,1090.0,0.0
1,14400,ORCHIDS,1086,5,1085.0,5.0,1078.0,49.0,1094,5,1095.0,5.0,1102.0,49.0,1090.0,0.0
1,14500,ORCHIDS,1087,10,1086.0,5.0,1079.0,44.0,1095,10,1096.0,5.0,1102.0,44.0,1091.0,0.0
1,14600,ORCHIDS,1088,7,1087.0,2.0,1080.0,41.0,1096,7,1097.0,2.0,1103.0,41.0,1092.0,0.0
1,14700,ORCHIDS,1088,9,1087.0,4.0,1080.0,48.0,1096,9,1097.0,4.0,1103.0,48.0,1092.0,0.0
1,14800,ORCHIDS,1088,6,1087.0,3.0,1080.0,44.0,1096,6,1097.0,3.0,1103.0,44.0,1092.0,0.0
1,14900,ORCHIDS,1092,8,1089.0,7.0,1088.0,5.0,1097,7,1098.0,5.0,1104.0,47.0,1094.5,0.0
1,15000,ORCHIDS,1088,9,1087.0,4.0,1081.0,51.0,1096,9,1097.0,4.0,1104.0,51.0,1092.0,0.0
1,15100,ORCHIDS,1088,10,1087.0,2.0,1081.0,52.0,1096,10,1097.0,2.0,1104.0,52.0,1092.0,0.0
1,15200,ORCHIDS,1087,6,1086.0,3.0,1080.0,45.0,1095,6,1096.0,3.0,1103.0,45.0,1091.0,0.0
1,15300,ORCHIDS,1087,5,1086.0,4.0,1080.0,46.0,1095,5,1096.0,4.0,1103.0,46.0,1091.0,0.0
1,15400,ORCHIDS,1087,10,1086.0,3.0,1079.0,52.0,1095,10,1096.0,3.0,1102.0,52.0,1091.0,0.0
1,15500,ORCHIDS,1094,4,1088.0,8.0,1087.0,4.0,1096,8,1097.0,4.0,1104.0,45.0,1095.0,0.0
1,15600,ORCHIDS,1088,6,1087.0,4.0,1080.0,47.0,1096,6,1097.0,4.0,1103.0,47.0,1092.0,0.0
1,15700,ORCHIDS,1087,5,1086.0,3.0,1080.0,35.0,1095,5,1096.0,3.0,1103.0,35.0,1091.0,0.0
1,15800,ORCHIDS,1087,8,1086.0,4.0,1080.0,49.0,1095,8,1096.0,4.0,1103.0,49.0,1091.0,0.0
1,15900,ORCHIDS,1086,5,1085.0,2.0,1079.0,47.0,1089,5,1094.0,5.0,1095.0,2.0,1087.5,0.0
1,16000,ORCHIDS,1087,6,1086.0,5.0,1080.0,45.0,1095,6,1096.0,5.0,1103.0,45.0,1091.0,0.0
1,16100,ORCHIDS,1087,8,1086.0,2.0,1080.0,44.0,1095,8,1096.0,2.0,1103.0,44.0,1091.0,0.0
1,16200,ORCHIDS,1087,6,1086.0,2.0,1079.0,37.0,1095,6,1096.0,2.0,1103.0,37.0,1091.0,0.0
1,16300,ORCHIDS,1086,8,1085.0,2.0,1078.0,49.0,1094,8,1095.0,2.0,1101.0,49.0,1090.0,0.0
1,16400,ORCHIDS,1086,7,1084.0,5.0,1078.0,52.0,1093,7,1095.0,5.0,1101.0,52.0,1089.5,0.0
1,16500,ORCHIDS,1088,8,1085.0,10.0,1084.0,4.0,1093,10,1094.0,4.0,1100.0,47.0,1090.5,0.0
1,16600,ORCHIDS,1084,8,1083.0,2.0,1076.0,45.0,1086,3,1092.0,8.0,1093.0,2.0,1085.0,0.0
1,16700,ORCHIDS,1085,5,1084.0,5.0,1077.0,48.0,1093,5,1094.0,5.0,1100.0,48.0,1089.0,0.0
1,16800,ORCHIDS,1085,9,1083.0,4.0,1077.0,46.0,1092,9,1094.0,4.0,1100.0,46.0,1088.5,0.0
1,16900,ORCHIDS,1084,8,1083.0,4.0,1076.0,50.0,1092,8,1093.0,4.0,1099.0,50.0,1088.0,0.0
1,17000,ORCHIDS,1085,6,1084.0,4.0,1078.0,46.0,1093,6,1094.0,4.0,1101.0,46.0,1089.0,0.0
1,17100,ORCHIDS,1086,6,1085.0,4.0,1078.0,50.0,1094,6,1095.0,4.0,1101.0,50.0,1090.0,0.0
1,17200,ORCHIDS,1086,9,1085.0,3.0,1078.0,52.0,1094,9,1095.0,3.0,1101.0,52.0,1090.0,0.0
1,17300,ORCHIDS,1083,6,1082.0,3.0,1075.0,48.0,1091,6,1092.0,3.0,1098.0,48.0,1087.0,0.0
1,17400,ORCHIDS,1083,9,1082.0,4.0,1075.0,41.0,1091,9,1092.0,4.0,1098.0,41.0,1087.0,0.0
1,17500,ORCHIDS,1082,9,1081.0,2.0,1075.0,51.0,1090,9,1091.0,2.0,1098.0,51.0,1086.0,0.0
1,17600,ORCHIDS,1082,8,1081.0,5.0,1075.0,48.0,1090,8,1091.0,5.0,1098.0,48.0,1086.0,0.0
1,17700,ORCHIDS,1082,10,1081.0,2.0,1075.0,48.0,1090,10,1091.0,2.0,1098.0,48.0,1086.0,0.0
1,17800,ORCHIDS,1083,10,1081.0,4.0,1075.0,46.0,1090,10,1092.0,4.0,1098.0,46.0,1086.5,0.0
1,17900,ORCHIDS,1082,7,1081.0,4.0,1074.0,47.0,1090,7,1091.0,4.0,1097.0,47.0,1086.0,0.0
1,18000,ORCHIDS,1082,6,1081.0,3.0,1075.0,39.0,1090,6,1091.0,3.0,1098.0,39.0,1086.0,0.0
1,18100,ORCHIDS,1082,5,1081.0,5.0,1075.0,55.0,1090,5,1091.0,5.0,1098.0,55.0,1086.0,0.0
1,18200,ORCHIDS,1081,6,1080.0,5.0,1074.0,49.0,1089,6,1090.0,5.0,1097.0,49.0,1085.0,0.0
1,18300,ORCHIDS,1083,7,1082.0,2.0,1075.0,55.0,1091,7,1092.0,2.0,1098.0,55.0,1087.0,0.0
1,18400,ORCHIDS,1083,9,1081.0,3.0,1075.0,50.0,1090,9,1092.0,3.0,1098.0,50.0,1086.5,0.0
1,18500,ORCHIDS,1083,7,1082.0,5.0,1076.0,46.0,1091,7,1092.0,5.0,1099.0,46.0,1087.0,0.0
1,18600,ORCHIDS,1084,5,1083.0,4.0,1077.0,48.0,1092,5,1093.0,4.0,1100.0,48.0,1088.0,0.0
1,18700,ORCHIDS,1083,7,1082.0,3.0,1076.0,38.0,1091,7,1092.0,3.0,1099.0,38.0,1087.0,0.0
1,18800,ORCHIDS,1085,9,1084.0,4.0,1077.0,53.0,1093,9,1094.0,4.0,1100.0,53.0,1089.0,0.0
1,18900,ORCHIDS,1085,9,1084.0,3.0,1077.0,57.0,1093,9,1094.0,3.0,1101.0,57.0,1089.0,0.0
1,19000,ORCHIDS,1083,9,1082.0,2.0,1075.0,54.0,1091,9,1092.0,2.0,1098.0,54.0,1087.0,0.0
1,19100,ORCHIDS,1082,8,1081.0,2.0,1075.0,54.0,1090,8,1091.0,2.0,1098.0,54.0,1086.0,0.0
1,19200,ORCHIDS,1082,10,1081.0,4.0,1075.0,49.0,1090,10,1091.0,4.0,1098.0,49.0,1086.0,0.0
1,19300,ORCHIDS,1084,10,1083.0,2.0,1077.0,52.0,1092,10,1093.0,2.0,1100.0,52.0,1088.0,0.0
1,19400,ORCHIDS,1083,7,1082.0,2.0,1076.0,51.0,1091,7,1092.0,2.0,1099.0,51.0,1087.0,0.0
1,19500,ORCHIDS,1083,10,1082.0,2.0,1075.0,47.0,1091,10,1092.0,2.0,1098.0,47.0,1087.0,0.0
1,19600,ORCHIDS,1083,7,1082.0,4.0,1076.0,50.0,1091,7,1092.0,4.0,1099.0,50.0,1087.0,0.0
1,19700,ORCHIDS,1084,9,1083.0,2.0,1077.0,51.0,1092,9,1093.0,2.0,1100.0,51.0,1088.0,0.0
1,19800,ORCHIDS,1085,5,1084.0,2.0,1078.0,50.0,1093,5,1094.0,2.0,1101.0,50.0,1089.0,0.0
1,19900,ORCHIDS,1087,5,1086.0,4.0,1080.0,49.0,1095,5,1096.0,4.0,1103.0,49.0,1091.0,0.0
1,20000,ORCHIDS,1087,6,1086.0,4.0,1080.0,43.0,1095,6,1096.0,4.0,1103.0,43.0,1091.0,0.0
1,20100,ORCHIDS,1088,9,1087.0,4.0,1081.0,50.0,1096,9,1097.0,4.0,1104.0,50.0,1092.0,0.0
1,20200,ORCHIDS,1093,9,1090.0,6.0,1089.0,4.0,1098,6,1099.0,4.0,1105.0,42.0,1095.5,0.0
1,20300,ORCHIDS,1088,5,1087.0,4.0,1080.0,49.0,1096,5,1097.0,4.0,1103.0,49.0,1092.0,0.0
1,20400,ORCHIDS,1089,9,1088.0,3.0,1081.0,55.0,1097,9,1098.0,3.0,1104.0,55.0,1093.0,0.0
1,20500,ORCHIDS,1088,8,1087.0,5.0,1080.0,56.0,1090,2,1096.0,8.0,1097.0,5.0,1089.0,0.0
1,20600,ORCHIDS,1088,8,1087.0,3.0,1080.0,50.0,1096,8,1097.0,3.0,1103.0,50.0,1092.0,0.0
1,20700,ORCHIDS,1088,5,1087.0,3.0,1080.0,38.0,1096,5,1097.0,3.0,1103.0,38.0,1092.0,0.0
1,20800,ORCHIDS,1088,7,1087.0,5.0,1080.0,48.0,1096,7,1097.0,5.0,1103.0,48.0,1092.0,0.0
1,20900,ORCHIDS,1088,9,1087.0,2.0,1081.0,48.0,1096,9,1097.0,2.0,1104.0,48.0,1092.0,0.0
1,21000,ORCHIDS,1088,9,1087.0,5.0,1080.0,43.0,1096,9,1097.0,5.0,1103.0,43.0,1092.0,0.0
1,21100,ORCHIDS,1088,5,1087.0,2.0,1080.0,51.0,1096,5,1097.0,2.0,1103.0,51.0,1092.0,0.0
1,21200,ORCHIDS,1086,10,1085.0,5.0,1078.0,53.0,1094,10,1095.0,5.0,1101.0,53.0,1090.0,0.0
1,21300,ORCHIDS,1084,8,1083.0,2.0,1077.0,55.0,1092,8,1093.0,2.0,1100.0,55.0,1088.0,0.0
1,21400,ORCHIDS,1085,9,1083.0,2.0,1077.0,53.0,1092,9,1094.0,2.0,1100.0,53.0,1088.5,0.0
1,21500,ORCHIDS,1083,9,1082.0,2.0,1076.0,58.0,1091,9,1092.0,2.0,1099.0,58.0,1087.0,0.0
1,21600,ORCHIDS,1082,10,1081.0,4.0,1075.0,51.0,1090,10,1091.0,4.0,1098.0,51.0,1086.0,0.0
1,21700,ORCHIDS,1082,9,1081.0,3.0,1075.0,54.0,1090,9,1091.0,3.0,1098.0,54.0,1086.0,0.0
1,21800,ORCHIDS,1083,7,1081.0,5.0,1075.0,46.0,1090,7,1092.0,5.0,1098.0,46.0,1086.5,0.0
1,21900,ORCHIDS,1083,6,1081.0,2.0,1075.0,52.0,1090,6,1092.0,2.0,1098.0,52.0,1086.5,0.0
1,22000,ORCHIDS,1083,6,1081.0,2.0,1075.0,46.0,1090,6,1092.0,2.0,1098.0,46.0,1086.5,0.0
1,22100,ORCHIDS,1083,10,1081.0,5.0,1075.0,53.0,1090,10,1092.0,5.0,1098.0,53.0,1086.5,0.0
1,22200,ORCHIDS,1082,5,1081.0,2.0,1074.0,44.0,1090,5,1091.0,2.0,1097.0,44.0,1086.0,0.0
1,22300,ORCHIDS,1082,9,1081.0,5.0,1074.0,47.0,1090,9,1091.0,5.0,1097.0,47.0,1086.0,0.0
1,22400,ORCHIDS,1082,6,1081.0,3.0,1074.0,45.0,1090,6,1091.0,3.0,1097.0,45.0,1086.0,0.0
1,22500,ORCHIDS,1082,7,1081.0,4.0,1074.0,46.0,1090,7,1091.0,4.0,1098.0,46.0,1086.0,0.0
1,22600,ORCHIDS,1083,8,1082.0,5.0,1075.0,51.0,1091,8,1092.0,5.0,1098.0,51.0,1087.0,0.0
1,22700,ORCHIDS,1083,10,1082.0,2.0,1075.0,55.0,1091,10,1092.0,2.0,1098.0,55.0,1087.0,0.0
1,22800,ORCHIDS,1083,7,1082.0,5.0,1075.0,49.0,1091,7,1092.0,5.0,1098.0,49.0,1087.0,0.0
1,22900,ORCHIDS,1085,6,1084.0,3.0,1077.0,46.0,1093,6,1094.0,3.0,1100.0,46.0,1089.0,0.0
1,23000,ORCHIDS,1082,10,1081.0,2.0,1074.0,48.0,1090,10,1091.0,2.0,1097.0,48.0,1086.0,0.0
1,23100,ORCHIDS,1081,6,1080.0,4.0,1073.0,53.0,1089,6,1090.0,4.0,1096.0,53.0,1085.0,0.0
1,23200,ORCHIDS,1080,6,1079.0,5.0,1073.0,53.0,1088,6,1089.0,5.0,1096.0,53.0,1084.0,0.0
1,23300,ORCHIDS,1081,8,1080.0,2.0,1073.0,48.0,1089,8,1090.0,2.0,1096.0,48.0,1085.0,0.0
1,23400,ORCHIDS,1082,7,1081.0,4.0,1074.0,48.0,1090,7,1091.0,4.0,1097.0,48.0,1086.0,0.0
1,23500,ORCHIDS,1081,9,1080.0,2.0,1073.0,51.0,1089,9,1090.0,2.0,1096.0,51.0,1085.0,0.0
1,23600,ORCHIDS,1082,8,1081.0,2.0,1075.0,48.0,1089,8,1090.0,2.0,1096.0,48.0,1085.5,0.0
1,23700,ORCHIDS,1083,6,1082.0,5.0,1076.0,48.0,1090,6,1091.0,5.0,1097.0,48.0,1086.5,0.0
1,23800,ORCHIDS,1084,7,1083.0,2.0,1077.0,50.0,1091,7,1092.0,2.0,1098.0,50.0,1087.5,0.0
1,23900,ORCHIDS,1085,6,1084.0,2.0,1078.0,50.0,1092,6,1093.0,2.0,1099.0,50.0,1088.5,0.0
1,24000,ORCHIDS,1084,10,1083.0,5.0,1077.0,47.0,1091,10,1092.0,5.0,1098.0,47.0,1087.5,0.0
1,24100,ORCHIDS,1085,8,1084.0,5.0,1078.0,50.0,1092,8,1093.0,5.0,1099.0,50.0,1088.5,0.0
1,24200,ORCHIDS,1083,6,1082.0,4.0,1076.0,50.0,1090,6,1091.0,4.0,1097.0,50.0,1086.5,0.0
1,24300,ORCHIDS,1087,6,1084.0,8.0,1083.0,5.0,1091,8,1092.0,5.0,1098.0,49.0,1089.0,0.0
1,24400,ORCHIDS,1085,9,1084.0,3.0,1078.0,43.0,1092,9,1093.0,3.0,1099.0,43.0,1088.5,0.0
1,24500,ORCHIDS,1086,10,1085.0,3.0,1079.0,54.0,1093,10,1094.0,3.0,1100.0,54.0,1089.5,0.0
1,24600,ORCHIDS,1086,5,1085.0,2.0,1079.0,44.0,1090,5,1093.0,5.0,1094.0,2.0,1088.0,0.0
1,24700,ORCHIDS,1083,10,1082.0,3.0,1076.0,47.0,1090,10,1091.0,3.0,1097.0,47.0,1086.5,0.0
1,24800,ORCHIDS,1085,7,1084.0,3.0,1078.0,42.0,1092,7,1093.0,3.0,1099.0,42.0,1088.5,0.0
1,24900,ORCHIDS,1088,5,1085.0,8.0,1084.0,2.0,1092,8,1093.0,2.0,1099.0,55.0,1090.0,0.0
1,25000,ORCHIDS,1084,8,1083.0,3.0,1077.0,47.0,1091,8,1092.0,3.0,1098.0,47.0,1087.5,0.0
1,25100,ORCHIDS,1085,8,1084.0,3.0,1078.0,48.0,1092,8,1093.0,3.0,1099.0,48.0,1088.5,0.0
1,25200,ORCHIDS,1085,5,1084.0,4.0,1078.0,47.0,1092,5,1093.0,4.0,1099.0,47.0,1088.5,0.0
1,25300,ORCHIDS,1084,5,1083.0,5.0,1077.0,49.0,1092,5,1093.0,5.0,1099.0,49.0,1088.0,0.0
1,25400,ORCHIDS,1083,7,1082.0,4.0,1076.0,55.0,1090,7,1091.0,4.0,1097.0,55.0,1086.5,0.0
1,25500,ORCHIDS,1080,6,1079.0,2.0,1073.0,44.0,1087,6,1088.0,2.0,1094.0,44.0,1083.5,0.0
1,25600,ORCHIDS,1080,6,1079.0,2.0,1073.0,40.0,1087,6,1088.0,2.0,1094.0,40.0,1083.5,0.0
1,25700,ORCHIDS,1080,9,1079.0,5.0,1073.0,49.0,1087,9,1088.0,5.0,1094.0,49.0,1083.5,0.0
1,25800,ORCHIDS,1078,6,1077.0,2.0,1071.0,38.0,1085,6,1086.0,2.0,1092.0,38.0,1081.5,0.0
1,25900,ORCHIDS,1080,7,1079.0,4.0,1073.0,51.0,1087,7,1088.0,4.0,1094.0,51.0,1083.5,0.0
1,26000,ORCHIDS,1081,6,1080.0,3.0,1074.0,43.0,1088,6,1089.0,3.0,1095.0,43.0,1084.5,0.0
1,26100,ORCHIDS,1082,8,1081.0,5.0,1075.0,54.0,1089,8,1090.0,5.0,1096.0,54.0,1085.5,0.0
1,26200,ORCHIDS,1082,7,1081.0,5.0,1075.0,52.0,1089,7,1090.0,5.0,1096.0,52.0,1085.5,0.0
1,26300,ORCHIDS,1082,5,1081.0,4.0,1075.0,37.0,1089,5,1090.0,4.0,1096.0,37.0,1085.5,0.0
1,26400,ORCHIDS,1083,7,1082.0,4.0,1076.0,47.0,1090,7,1091.0,4.0,1097.0,47.0,1086.5,0.0
1,26500,ORCHIDS,1082,10,1081.0,4.0,1075.0,57.0,1089,10,1090.0,4.0,1096.0,57.0,1085.5,0.0
1,26600,ORCHIDS,1082,10,1081.0,2.0,1075.0,53.0,1089,10,1090.0,2.0,1096.0,53.0,1085.5,0.0
1,26700,ORCHIDS,1081,9,1080.0,5.0,1074.0,47.0,1088,9,1089.0,5.0,1095.0,47.0,1084.5,0.0
1,26800,ORCHIDS,1079,5,1078.0,4.0,1072.0,48.0,1086,5,1087.0,4.0,1093.0,48.0,1082.5,0.0
1,26900,ORCHIDS,1078,8,1077.0,2.0,1071.0,50.0,1085,8,1086.0,2.0,1092.0,50.0,1081.5,0.0
1,27000,ORCHIDS,1078,10,1077.0,4.0,1071.0,47.0,1085,10,1086.0,4.0,1092.0,47.0,1081.5,0.0
1,27100,ORCHIDS,1078,9,1077.0,3.0,1071.0,49.0,1085,9,1086.0,3.0,1092.0,49.0,1081.5,0.0
1,27200,ORCHIDS,1079,10,1078.0,5.0,1072.0,46.0,1086,10,1087.0,5.0,1093.0,46.0,1082.5,0.0
1,27300,ORCHIDS,1080,10,1079.0,3.0,1073.0,53.0,1087,10,1088.0,3.0,1094.0,53.0,1083.5,0.0
1,27400,ORCHIDS,1079,7,1078.0,5.0,1072.0,45.0,1086,7,1087.0,5.0,1093.0,45.0,1082.5,0.0
1,27500,ORCHIDS,1079,10,1078.0,2.0,1072.0,46.0,1086,10,1087.0,2.0,1093.0,46.0,1082.5,0.0
1,27600,ORCHIDS,1079,7,1078.0,2.0,1072.0,47.0,1086,7,1087.0,2.0,1093.0,47.0,1082.5,0.0
1,27700,ORCHIDS,1079,5,1078.0,3.0,1072.0,47.0,1086,5,1087.0,3.0,1093.0,47.0,1082.5,0.0
1,27800,ORCHIDS,1078,10,1077.0,3.0,1071.0,51.0,1085,10,1086.0,3.0,1092.0,51.0,1081.5,0.0
1,27900,ORCHIDS,1078,10,1077.0,4.0,1071.0,50.0,1085,10,1086.0,4.0,1092.0,50.0,1081.5,0.0
1,28000,ORCHIDS,1079,10,1078.0,5.0,1072.0,54.0,1086,10,1087.0,5.0,1093.0,54.0,1082.5,0.0
1,28100,ORCHIDS,1079,8,1078.0,5.0,1072.0,42.0,1086,8,1087.0,5.0,1093.0,42.0,1082.5,0.0
1,28200,ORCHIDS,1079,5,1078.0,2.0,1072.0,45.0,1086,5,1087.0,2.0,1093.0,45.0,1082.5,0.0
1,28300,ORCHIDS,1078,6,1077.0,2.0,1071.0,42.0,1085,6,1086.0,2.0,1092.0,42.0,1081.5,0.0
1,28400,ORCHIDS,1079,5,1078.0,5.0,1072.0,40.0,1086,5,1087.0,5.0,1093.0,40.0,1082.5,0.0
1,28500,ORCHIDS,1080,7,1079.0,2.0,1073.0,46.0,1087,7,1088.0,2.0,1094.0,46.0,1083.5,0.0
1,28600,ORCHIDS,1083,10,1082.0,3.0,1076.0,52.0,1090,10,1091.0,3.0,1097.0,52.0,1086.5,0.0
1,28700,ORCHIDS,1084,8,1083.0,2.0,1077.0,49.0,1091,8,1092.0,2.0,1098.0,49.0,1087.5,0.0
1,28800,ORCHIDS,1085,10,1084.0,5.0,1078.0,58.0,1092,10,1093.0,5.0,1099.0,58.0,1088.5,0.0
1,28900,ORCHIDS,1086,10,1085.0,5.0,1079.0,45.0,1093,10,1094.0,5.0,1100.0,45.0,1089.5,0.0
1,29000,ORCHIDS,1087,8,1086.0,2.0,1080.0,47.0,1094,8,1095.0,2.0,1101.0,47.0,1090.5,0.0
1,29100,ORCHIDS,1092,3,1087.0,8.0,1086.0,2.0,1094,8,1095.0,2.0,1101.0,49.0,1093.0,0.0
1,29200,ORCHIDS,1086,8,1085.0,5.0,1079.0,45.0,1093,8,1094.0,5.0,1100.0,45.0,1089.5,0.0
1,29300,ORCHIDS,1086,10,1085.0,2.0,1079.0,43.0,1094,10,1095.0,2.0,1101.0,43.0,1090.0,0.0
1,29400,ORCHIDS,1086,8,1085.0,4.0,1079.0,44.0,1093,8,1094.0,4.0,1100.0,44.0,1089.5,0.0
1,29500,ORCHIDS,1085,6,1084.0,4.0,1078.0,40.0,1092,6,1093.0,4.0,1099.0,40.0,1088.5,0.0
1,29600,ORCHIDS,1086,9,1085.0,2.0,1079.0,52.0,1093,9,1094.0,2.0,1100.0,52.0,1089.5,0.0
1,29700,ORCHIDS,1087,10,1086.0,3.0,1080.0,52.0,1094,10,1095.0,3.0,1101.0,52.0,1090.5,0.0
1,29800,ORCHIDS,1088,9,1087.0,4.0,1081.0,43.0,1095,9,1096.0,4.0,1102.0,43.0,1091.5,0.0
1,29900,ORCHIDS,1088,8,1087.0,5.0,1081.0,51.0,1095,8,1096.0,5.0,1102.0,51.0,1091.5,0.0
1,30000,ORCHIDS,1088,7,1087.0,2.0,1081.0,45.0,1095,7,1096.0,2.0,1102.0,45.0,1091.5,0.0
1,30100,ORCHIDS,1087,7,1086.0,2.0,1080.0,51.0,1094,7,1095.0,2.0,1101.0,51.0,1090.5,0.0
1,30200,ORCHIDS,1087,9,1086.0,3.0,1080.0,50.0,1094,9,1095.0,3.0,1101.0,50.0,1090.5,0.0
1,30300,ORCHIDS,1087,6,1086.0,3.0,1080.0,39.0,1094,6,1095.0,3.0,1101.0,39.0,1090.5,0.0
1,30400,ORCHIDS,1087,8,1086.0,2.0,1080.0,44.0,1094,8,1095.0,2.0,1101.0,44.0,1090.5,0.0
1,30500,ORCHIDS,1087,6,1086.0,3.0,1080.0,40.0,1095,6,1096.0,3.0,1102.0,40.0,1091.0,0.0
1,30600,ORCHIDS,1089,7,1088.0,2.0,1082.0,51.0,1096,7,1097.0,2.0,1103.0,51.0,1092.5,0.0
1,30700,ORCHIDS,1089,6,1088.0,2.0,1082.0,42.0,1097,6,1098.0,2.0,1104.0,42.0,1093.0,0.0
1,30800,ORCHIDS,1089,5,1088.0,2.0,1082.0,49.0,1097,5,1098.0,2.0,1104.0,49.0,1093.0,0.0
1,30900,ORCHIDS,1091,7,1090.0,3.0,1084.0,41.0,1098,7,1099.0,3.0,1105.0,41.0,1094.5,0.0
1,31000,ORCHIDS,1091,10,1090.0,2.0,1084.0,51.0,1098,10,1099.0,2.0,1105.0,51.0,1094.5,0.0
1,31100,ORCHIDS,1090,6,1089.0,5.0,1083.0,48.0,1097,6,1098.0,5.0,1104.0,48.0,1093.5,0.0
1,31200,ORCHIDS,1089,9,1088.0,4.0,1082.0,46.0,1093,7,1096.0,9.0,1097.0,4.0,1091.0,0.0
1,31300,ORCHIDS,1088,8,1087.0,2.0,1081.0,47.0,1095,8,1096.0,2.0,1102.0,47.0,1091.5,0.0
1,31400,ORCHIDS,1087,6,1086.0,5.0,1080.0,45.0,1094,6,1095.0,5.0,1101.0,45.0,1090.5,0.0
1,31500,ORCHIDS,1087,6,1086.0,2.0,1080.0,44.0,1094,6,1095.0,2.0,1101.0,44.0,1090.5,0.0
1,31600,ORCHIDS,1087,6,1086.0,4.0,1080.0,36.0,1094,6,1095.0,4.0,1101.0,36.0,1090.5,0.0
1,31700,ORCHIDS,1088,10,1087.0,2.0,1081.0,47.0,1095,10,1096.0,2.0,1102.0,47.0,1091.5,0.0
1,31800,ORCHIDS,1086,7,1085.0,4.0,1079.0,52.0,1093,7,1094.0,4.0,1100.0,52.0,1089.5,0.0
1,31900,ORCHIDS,1087,9,1086.0,3.0,1080.0,56.0,1094,9,1095.0,3.0,1101.0,56.0,1090.5,0.0
1,32000,ORCHIDS,1086,8,1085.0,4.0,1079.0,53.0,1093,8,1094.0,4.0,1100.0,53.0,1089.5,0.0
1,32100,ORCHIDS,1085,8,1084.0,4.0,1078.0,43.0,1092,8,1093.0,4.0,1099.0,43.0,1088.5,0.0
1,32200,ORCHIDS,1084,8,1083.0,5.0,1077.0,45.0,1091,8,1092.0,5.0,1098.0,45.0,1087.5,0.0
1,32300,ORCHIDS,1085,5,1084.0,4.0,1078.0,51.0,1092,5,1093.0,4.0,1099.0,51.0,1088.5,0.0
1,32400,ORCHIDS,1084,5,1083.0,5.0,1077.0,50.0,1091,5,1092.0,5.0,1098.0,50.0,1087.5,0.0
1,32500,ORCHIDS,1084,6,1083.0,3.0,1077.0,45.0,1088,5,1091.0,6.0,1092.0,3.0,1086.0,0.0
1,32600,ORCHIDS,1084,5,1083.0,2.0,1077.0,48.0,1091,5,1092.0,2.0,1098.0,48.0,1087.5,0.0
1,32700,ORCHIDS,1084,7,1083.0,5.0,1077.0,45.0,1091,7,1092.0,5.0,1098.0,45.0,1087.5,0.0
1,32800,ORCHIDS,1085,8,1084.0,5.0,1078.0,51.0,1092,8,1093.0,5.0,1099.0,51.0,1088.5,0.0
1,32900,ORCHIDS,1085,7,1084.0,3.0,1078.0,48.0,1092,7,1093.0,3.0,1099.0,48.0,1088.5,0.0
1,33000,ORCHIDS,1085,10,1084.0,2.0,1078.0,43.0,1092,10,1093.0,2.0,1099.0,43.0,1088.5,0.0
1,33100,ORCHIDS,1086,6,1085.0,2.0,1079.0,40.0,1090,8,1093.0,6.0,1094.0,2.0,1088.0,0.0
1,33200,ORCHIDS,1085,7,1084.0,2.0,1078.0,45.0,1092,7,1093.0,2.0,1099.0,45.0,1088.5,0.0
1,33300,ORCHIDS,1085,7,1084.0,3.0,1078.0,45.0,1092,7,1093.0,3.0,1099.0,45.0,1088.5,0.0
1,33400,ORCHIDS,1086,9,1085.0,3.0,1079.0,41.0,1090,8,1093.0,9.0,1094.0,3.0,1088.0,0.0
1,33500,ORCHIDS,1085,7,1084.0,5.0,1078.0,49.0,1092,7,1093.0,5.0,1099.0,49.0,1088.5,0.0
1,33600,ORCHIDS,1086,10,1085.0,2.0,1079.0,55.0,1093,10,1094.0,2.0,1100.0,55.0,1089.5,0.0
1,33700,ORCHIDS,1088,7,1087.0,2.0,1081.0,51.0,1095,7,1096.0,2.0,1102.0,51.0,1091.5,0.0
1,33800,ORCHIDS,1090,7,1089.0,4.0,1083.0,42.0,1097,7,1098.0,4.0,1104.0,42.0,1093.5,0.0
1,33900,ORCHIDS,1091,7,1090.0,2.0,1084.0,46.0,1098,7,1099.0,2.0,1105.0,46.0,1094.5,0.0
1,34000,ORCHIDS,1091,7,1090.0,4.0,1084.0,49.0,1098,7,1099.0,4.0,1105.0,49.0,1094.5,0.0
1,34100,ORCHIDS,1092,9,1091.0,3.0,1085.0,53.0,1099,9,1100.0,3.0,1106.0,53.0,1095.5,0.0
1,34200,ORCHIDS,1090,8,1089.0,5.0,1083.0,47.0,1097,8,1098.0,5.0,1104.0,47.0,1093.5,0.0
1,34300,ORCHIDS,1090,9,1089.0,3.0,1083.0,49.0,1097,9,1098.0,3.0,1104.0,49.0,1093.5,0.0
1,34400,ORCHIDS,1090,8,1089.0,2.0,1083.0,46.0,1098,8,1099.0,2.0,1105.0,46.0,1094.0,0.0
1,34500,ORCHIDS,1091,7,1090.0,3.0,1084.0,47.0,1098,7,1099.0,3.0,1105.0,47.0,1094.5,0.0
1,34600,ORCHIDS,1089,6,1088.0,4.0,1082.0,44.0,1096,6,1097.0,4.0,1103.0,44.0,1092.5,0.0
1,34700,ORCHIDS,1091,7,1090.0,3.0,1084.0,56.0,1098,7,1099.0,3.0,1105.0,56.0,1094.5,0.0
1,34800,ORCHIDS,1092,5,1091.0,3.0,1085.0,42.0,1099,5,1100.0,3.0,1106.0,42.0,1095.5,0.0
1,34900,ORCHIDS,1093,7,1092.0,3.0,1086.0,47.0,1100,7,1101.0,3.0,1107.0,47.0,1096.5,0.0
1,35000,ORCHIDS,1093,10,1092.0,2.0,1086.0,44.0,1100,10,1101.0,2.0,1107.0,44.0,1096.5,0.0
1,35100,ORCHIDS,1094,5,1093.0,3.0,1087.0,41.0,1101,5,1102.0,3.0,1108.0,41.0,1097.5,0.0
1,35200,ORCHIDS,1093,7,1092.0,4.0,1086.0,38.0,1100,7,1101.0,4.0,1107.0,38.0,1096.5,0.0
1,35300,ORCHIDS,1092,10,1091.0,2.0,1085.0,60.0,1099,10,1100.0,2.0,1106.0,60.0,1095.5,0.0
1,35400,ORCHIDS,1091,7,1090.0,2.0,1084.0,43.0,1098,7,1099.0,2.0,1105.0,43.0,1094.5,0.0
1,35500,ORCHIDS,1090,5,1089.0,4.0,1083.0,38.0,1098,5,1099.0,4.0,1105.0,38.0,1094.0,0.0
1,35600,ORCHIDS,1094,9,1091.0,8.0,1090.0,2.0,1098,8,1099.0,2.0,1105.0,42.0,1096.0,0.0
1,35700,ORCHIDS,1092,9,1091.0,4.0,1085.0,48.0,1099,9,1100.0,4.0,1106.0,48.0,1095.5,0.0
1,35800,ORCHIDS,1092,8,1091.0,4.0,1085.0,53.0,1099,8,1100.0,4.0,1106.0,53.0,1095.5,0.0
1,35900,ORCHIDS,1096,10,1093.0,9.0,1092.0,5.0,1100,9,1101.0,5.0,1107.0,40.0,1098.0,0.0
1,36000,ORCHIDS,1091,9,1090.0,3.0,1084.0,46.0,1095,8,1098.0,9.0,1099.0,3.0,1093.0,0.0
1,36100,ORCHIDS,1090,8,1089.0,4.0,1083.0,50.0,1097,8,1098.0,4.0,1104.0,50.0,1093.5,0.0
1,36200,ORCHIDS,1090,5,1089.0,5.0,1083.0,51.0,1097,5,1098.0,5.0,1104.0,51.0,1093.5,0.0
1,36300,ORCHIDS,1089,5,1088.0,5.0,1082.0,36.0,1096,5,1097.0,5.0,1103.0,36.0,1092.5,0.0
1,36400,ORCHIDS,1087,6,1086.0,5.0,1080.0,44.0,1094,6,1095.0,5.0,1101.0,44.0,1090.5,0.0
1,36500,ORCHIDS,1087,10,1086.0,2.0,1080.0,51.0,1094,10,1095.0,2.0,1101.0,51.0,1090.5,0.0
1,36600,ORCHIDS,1086,7,1085.0,5.0,1079.0,47.0,1093,7,1094.0,5.0,1100.0,47.0,1089.5,0.0
1,36700,ORCHIDS,1086,8,1085.0,5.0,1079.0,48.0,1093,8,1094.0,5.0,1100.0,48.0,1089.5,0.0
1,36800,ORCHIDS,1085,9,1084.0,2.0,1078.0,42.0,1092,9,1093.0,2.0,1099.0,42.0,1088.5,0.0
1,36900,ORCHIDS,1083,8,1082.0,5.0,1076.0,48.0,1090,8,1091.0,5.0,1097.0,48.0,1086.5,0.0
1,37000,ORCHIDS,1084,9,1083.0,2.0,1077.0,56.0,1091,9,1092.0,2.0,1098.0,56.0,1087.5,0.0
1,37100,ORCHIDS,1085,9,1084.0,2.0,1078.0,46.0,1092,9,1093.0,2.0,1099.0,46.0,1088.5,0.0
1,37200,ORCHIDS,1084,8,1083.0,2.0,1077.0,44.0,1091,8,1092.0,2.0,1098.0,44.0,1087.5,0.0
1,37300,ORCHIDS,1085,9,1084.0,3.0,1078.0,52.0,1092,9,1093.0,3.0,1099.0,52.0,1088.5,0.0
1,37400,ORCHIDS,1084,10,1083.0,4.0,1077.0,42.0,1091,10,1092.0,4.0,1098.0,42.0,1087.5,0.0
1,37500,ORCHIDS,1083,5,1082.0,5.0,1076.0,44.0,1090,5,1091.0,5.0,1097.0,44.0,1086.5,0.0
1,37600,ORCHIDS,1084,7,1083.0,5.0,1077.0,50.0,1091,7,1092.0,5.0,1098.0,50.0,1087.5,0.0
1,37700,ORCHIDS,1087,7,1084.0,10.0,1083.0,5.0,1091,10,1092.0,5.0,1098.0,44.0,1089.0,0.0
1,37800,ORCHIDS,1085,8,1084.0,5.0,1078.0,49.0,1092,8,1093.0,5.0,1099.0,49.0,1088.5,0.0
1,37900,ORCHIDS,1085,8,1084.0,5.0,1078.0,55.0,1092,8,1093.0,5.0,1099.0,55.0,1088.5,0.0
1,38000,ORCHIDS,1085,5,1084.0,5.0,1078.0,43.0,1092,5,1093.0,5.0,1099.0,43.0,1088.5,0.0
1,38100,ORCHIDS,1085,6,1084.0,2.0,1078.0,53.0,1092,6,1093.0,2.0,1099.0,53.0,1088.5,0.0
1,38200,ORCHIDS,1084,10,1083.0,2.0,1077.0,55.0,1091,10,1092.0,2.0,1098.0,55.0,1087.5,0.0
1,38300,ORCHIDS,1083,7,1082.0,2.0,1076.0,50.0,1090,7,1091.0,2.0,1097.0,50.0,1086.5,0.0
1,38400,ORCHIDS,1083,9,1082.0,3.0,1076.0,48.0,1090,9,1091.0,3.0,1097.0,48.0,1086.5,0.0
1,38500,ORCHIDS,1085,9,1084.0,3.0,1078.0,47.0,1092,9,1093.0,3.0,1099.0,47.0,1088.5,0.0
1,38600,ORCHIDS,1086,10,1085.0,5.0,1079.0,51.0,1093,10,1094.0,5.0,1100.0,51.0,1089.5,0.0
1,38700,ORCHIDS,1088,7,1087.0,4.0,1081.0,48.0,1095,7,1096.0,4.0,1102.0,48.0,1091.5,0.0
1,38800,ORCHIDS,1088,8,1087.0,4.0,1081.0,48.0,1095,8,1096.0,4.0,1102.0,48.0,1091.5,0.0
1,38900,ORCHIDS,1088,7,1087.0,5.0,1081.0,44.0,1095,7,1096.0,5.0,1102.0,44.0,1091.5,0.0
1,39000,ORCHIDS,1091,7,1088.0,10.0,1087.0,2.0,1095,10,1096.0,2.0,1102.0,49.0,1093.0,0.0
1,39100,ORCHIDS,1088,6,1087.0,3.0,1081.0,37.0,1095,6,1096.0,3.0,1102.0,37.0,1091.5,0.0
1,39200,ORCHIDS,1090,7,1089.0,2.0,1083.0,42.0,1097,7,1098.0,2.0,1104.0,42.0,1093.5,0.0
1,39300,ORCHIDS,1089,8,1088.0,5.0,1082.0,46.0,1097,8,1098.0,5.0,1104.0,46.0,1093.0,0.0
1,39400,ORCHIDS,1089,6,1088.0,4.0,1082.0,47.0,1097,6,1098.0,4.0,1104.0,47.0,1093.0,0.0
1,39500,ORCHIDS,1089,6,1088.0,5.0,1082.0,42.0,1097,6,1098.0,5.0,1104.0,42.0,1093.0,0.0
1,39600,ORCHIDS,1089,7,1088.0,4.0,1082.0,49.0,1097,7,1098.0,4.0,1104.0,49.0,1093.0,0.0
1,39700,ORCHIDS,1089,8,1088.0,3.0,1082.0,40.0,1096,8,1097.0,3.0,1103.0,40.0,1092.5,0.0
1,39800,ORCHIDS,1089,5,1088.0,5.0,1082.0,47.0,1096,5,1097.0,5.0,1103.0,47.0,1092.5,0.0
1,39900,ORCHIDS,1089,7,1088.0,3.0,1082.0,45.0,1096,7,1097.0,3.0,1103.0,45.0,1092.5,0.0
1,40000,ORCHIDS,1090,9,1089.0,3.0,1083.0,51.0,1097,9,1098.0,3.0,1104.0,51.0,1093.5,0.0
1,40100,ORCHIDS,1091,5,1090.0,5.0,1084.0,54.0,1098,5,1099.0,5.0,1105.0,54.0,1094.5,0.0
1,40200,ORCHIDS,1090,9,1089.0,2.0,1083.0,41.0,1097,9,1098.0,2.0,1104.0,41.0,1093.5,0.0
1,40300,ORCHIDS,1089,7,1088.0,4.0,1082.0,47.0,1096,7,1097.0,4.0,1103.0,47.0,1092.5,0.0
1,40400,ORCHIDS,1090,7,1089.0,5.0,1083.0,48.0,1097,7,1098.0,5.0,1104.0,48.0,1093.5,0.0
1,40500,ORCHIDS,1090,6,1089.0,3.0,1083.0,38.0,1097,6,1098.0,3.0,1104.0,38.0,1093.5,0.0
1,40600,ORCHIDS,1090,8,1089.0,2.0,1083.0,55.0,1097,8,1098.0,2.0,1104.0,55.0,1093.5,0.0
1,40700,ORCHIDS,1088,6,1087.0,3.0,1081.0,43.0,1095,6,1096.0,3.0,1102.0,43.0,1091.5,0.0
1,40800,ORCHIDS,1089,10,1088.0,3.0,1082.0,44.0,1096,10,1097.0,3.0,1103.0,44.0,1092.5,0.0
1,40900,ORCHIDS,1089,8,1088.0,4.0,1082.0,39.0,1096,8,1097.0,4.0,1103.0,39.0,1092.5,0.0
1,41000,ORCHIDS,1088,8,1087.0,5.0,1081.0,45.0,1095,8,1096.0,5.0,1102.0,45.0,1091.5,0.0
1,41100,ORCHIDS,1088,5,1087.0,5.0,1081.0,43.0,1095,5,1096.0,5.0,1102.0,43.0,1091.5,0.0
1,41200,ORCHIDS,1088,7,1087.0,2.0,1081.0,46.0,1095,7,1096.0,2.0,1102.0,46.0,1091.5,0.0
1,41300,ORCHIDS,1088,9,1087.0,3.0,1081.0,54.0,1095,9,1096.0,3.0,1102.0,54.0,1091.5,0.0
1,41400,ORCHIDS,1087,5,1086.0,3.0,1080.0,47.0,1094,5,1095.0,3.0,1101.0,47.0,1090.5,0.0
1,41500,ORCHIDS,1088,9,1087.0,2.0,1081.0,47.0,1095,9,1096.0,2.0,1102.0,47.0,1091.5,0.0
1,41600,ORCHIDS,1088,5,1087.0,2.0,1081.0,49.0,1095,5,1096.0,2.0,1102.0,49.0,1091.5,0.0
1,41700,ORCHIDS,1086,9,1085.0,2.0,1079.0,49.0,1093,9,1094.0,2.0,1100.0,49.0,1089.5,0.0
1,41800,ORCHIDS,1087,9,1086.0,4.0,1080.0,51.0,1094,9,1095.0,4.0,1101.0,51.0,1090.5,0.0
1,41900,ORCHIDS,1086,5,1085.0,3.0,1079.0,39.0,1093,5,1094.0,3.0,1100.0,39.0,1089.5,0.0
1,42000,ORCHIDS,1086,8,1085.0,3.0,1079.0,50.0,1093,8,1094.0,3.0,1100.0,50.0,1089.5,0.0
1,42100,ORCHIDS,1086,9,1085.0,5.0,1079.0,45.0,1093,9,1094.0,5.0,1100.0,45.0,1089.5,0.0
1,42200,ORCHIDS,1085,5,1084.0,3.0,1078.0,40.0,1093,5,1094.0,3.0,1100.0,40.0,1089.0,0.0
1,42300,ORCHIDS,1085,6,1084.0,4.0,1078.0,43.0,1093,6,1094.0,4.0,1100.0,43.0,1089.0,0.0
1,42400,ORCHIDS,1087,8,1086.0,4.0,1080.0,55.0,1094,8,1095.0,4.0,1101.0,55.0,1090.5,0.0
1,42500,ORCHIDS,1087,5,1086.0,3.0,1080.0,50.0,1094,5,1095.0,3.0,1101.0,50.0,1090.5,0.0
1,42600,ORCHIDS,1087,7,1086.0,4.0,1080.0,50.0,1094,7,1095.0,4.0,1101.0,50.0,1090.5,0.0
1,42700,ORCHIDS,1085,7,1084.0,2.0,1078.0,47.0,1092,7,1093.0,2.0,1099.0,47.0,1088.5,0.0
1,42800,ORCHIDS,1086,5,1085.0,5.0,1079.0,41.0,1093,5,1094.0,5.0,1100.0,41.0,1089.5,0.0
1,42900,ORCHIDS,1087,5,1086.0,2.0,1080.0,48.0,1094,5,1095.0,2.0,1101.0,48.0,1090.5,0.0
1,43000,ORCHIDS,1089,5,1088.0,2.0,1082.0,54.0,1096,5,1097.0,2.0,1103.0,54.0,1092.5,0.0
1,43100,ORCHIDS,1087,7,1086.0,4.0,1080.0,41.0,1094,7,1095.0,4.0,1101.0,41.0,1090.5,0.0
1,43200,ORCHIDS,1087,5,1086.0,3.0,1080.0,49.0,1094,5,1095.0,3.0,1101.0,49.0,1090.5,0.0
1,43300,ORCHIDS,1088,5,1087.0,5.0,1081.0,46.0,1095,5,1096.0,5.0,1102.0,46.0,1091.5,0.0
1,43400,ORCHIDS,1090,7,1087.0,6.0,1086.0,4.0,1094,6,1095.0,4.0,1101.0,44.0,1092.0,0.0
1,43500,ORCHIDS,1085,10,1084.0,2.0,1078.0,47.0,1092,10,1093.0,2.0,1099.0,47.0,1088.5,0.0
1,43600,ORCHIDS,1087,9,1086.0,2.0,1080.0,52.0,1094,9,1095.0,2.0,1101.0,52.0,1090.5,0.0
1,43700,ORCHIDS,1088,5,1087.0,2.0,1081.0,46.0,1095,5,1096.0,2.0,1102.0,46.0,1091.5,0.0
1,43800,ORCHIDS,1089,8,1088.0,4.0,1082.0,49.0,1096,8,1097.0,4.0,1103.0,49.0,1092.5,0.0
1,43900,ORCHIDS,1087,8,1086.0,2.0,1080.0,47.0,1094,8,1095.0,2.0,1101.0,47.0,1090.5,0.0
1,44000,ORCHIDS,1087,5,1086.0,3.0,1080.0,39.0,1095,5,1096.0,3.0,1102.0,39.0,1091.0,0.0
1,44100,ORCHIDS,1087,10,1086.0,4.0,1080.0,58.0,1094,10,1095.0,4.0,1101.0,58.0,1090.5,0.0
1,44200,ORCHIDS,1087,5,1086.0,3.0,1080.0,40.0,1094,5,1095.0,3.0,1101.0,40.0,1090.5,0.0
1,44300,ORCHIDS,1085,9,1084.0,2.0,1078.0,47.0,1092,9,1093.0,2.0,1099.0,47.0,1088.5,0.0
1,44400,ORCHIDS,1084,8,1083.0,2.0,1077.0,51.0,1091,8,1092.0,2.0,1098.0,51.0,1087.5,0.0
1,44500,ORCHIDS,1083,6,1082.0,5.0,1076.0,50.0,1090,6,1091.0,5.0,1097.0,50.0,1086.5,0.0
1,44600,ORCHIDS,1084,5,1083.0,2.0,1077.0,46.0,1091,5,1092.0,2.0,1098.0,46.0,1087.5,0.0
1,44700,ORCHIDS,1084,7,1083.0,5.0,1077.0,49.0,1091,7,1092.0,5.0,1098.0,49.0,1087.5,0.0
1,44800,ORCHIDS,1084,7,1083.0,2.0,1077.0,45.0,1091,7,1092.0,2.0,1098.0,45.0,1087.5,0.0
1,44900,ORCHIDS,1083,10,1082.0,4.0,1076.0,46.0,1090,10,1091.0,4.0,1097.0,46.0,1086.5,0.0
1,45000,ORCHIDS,1084,8,1083.0,4.0,1077.0,42.0,1091,8,1092.0,4.0,1098.0,42.0,1087.5,0.0
1,45100,ORCHIDS,1085,6,1084.0,2.0,1078.0,43.0,1092,6,1093.0,2.0,1099.0,43.0,1088.5,0.0
1,45200,ORCHIDS,1085,6,1084.0,3.0,1078.0,46.0,1092,6,1093.0,3.0,1099.0,46.0,1088.5,0.0
1,45300,ORCHIDS,1086,10,1085.0,2.0,1079.0,58.0,1093,10,1094.0,2.0,1100.0,58.0,1089.5,0.0
1,45400,ORCHIDS,1086,5,1085.0,3.0,1079.0,43.0,1093,5,1094.0,3.0,1100.0,43.0,1089.5,0.0
1,45500,ORCHIDS,1085,9,1084.0,2.0,1078.0,57.0,1092,9,1093.0,2.0,1099.0,57.0,1088.5,0.0
1,45600,ORCHIDS,1083,9,1082.0,4.0,1076.0,53.0,1090,9,1091.0,4.0,1097.0,53.0,1086.5,0.0
1,45700,ORCHIDS,1084,5,1083.0,3.0,1077.0,50.0,1091,5,1092.0,3.0,1098.0,50.0,1087.5,0.0
1,45800,ORCHIDS,1084,9,1083.0,5.0,1077.0,42.0,1091,9,1092.0,5.0,1098.0,42.0,1087.5,0.0
1,45900,ORCHIDS,1085,10,1084.0,5.0,1078.0,55.0,1092,10,1093.0,5.0,1099.0,55.0,1088.5,0.0
1,46000,ORCHIDS,1083,6,1082.0,2.0,1076.0,46.0,1090,6,1091.0,2.0,1097.0,46.0,1086.5,0.0
1,46100,ORCHIDS,1083,5,1082.0,2.0,1076.0,41.0,1090,5,1091.0,2.0,1097.0,41.0,1086.5,0.0
1,46200,ORCHIDS,1082,8,1081.0,5.0,1075.0,39.0,1089,8,1090.0,5.0,1096.0,39.0,1085.5,0.0
1,46300,ORCHIDS,1083,7,1082.0,3.0,1076.0,45.0,1090,7,1091.0,3.0,1097.0,45.0,1086.5,0.0
1,46400,ORCHIDS,1081,7,1080.0,4.0,1074.0,42.0,1088,7,1089.0,4.0,1095.0,42.0,1084.5,0.0
1,46500,ORCHIDS,1083,8,1080.0,5.0,1079.0,4.0,1087,5,1088.0,4.0,1094.0,44.0,1085.0,0.0
1,46600,ORCHIDS,1081,9,1080.0,5.0,1074.0,46.0,1083,3,1088.0,9.0,1089.0,5.0,1082.0,0.0
1,46700,ORCHIDS,1081,10,1080.0,3.0,1074.0,48.0,1089,10,1090.0,3.0,1096.0,48.0,1085.0,0.0
1,46800,ORCHIDS,1081,9,1080.0,3.0,1074.0,53.0,1089,9,1090.0,3.0,1096.0,53.0,1085.0,0.0
1,46900,ORCHIDS,1081,9,1080.0,5.0,1074.0,45.0,1089,9,1090.0,5.0,1096.0,45.0,1085.0,0.0
1,47000,ORCHIDS,1081,10,1080.0,2.0,1074.0,50.0,1089,10,1090.0,2.0,1096.0,50.0,1085.0,0.0
1,47100,ORCHIDS,1081,8,1080.0,5.0,1074.0,47.0,1088,8,1089.0,5.0,1095.0,47.0,1084.5,0.0
1,47200,ORCHIDS,1081,9,1080.0,4.0,1074.0,45.0,1088,9,1089.0,4.0,1095.0,45.0,1084.5,0.0
1,47300,ORCHIDS,1081,7,1080.0,4.0,1074.0,51.0,1088,7,1089.0,4.0,1095.0,51.0,1084.5,0.0
1,47400,ORCHIDS,1080,5,1079.0,5.0,1073.0,51.0,1087,5,1088.0,5.0,1094.0,51.0,1083.5,0.0
1,47500,ORCHIDS,1079,9,1078.0,4.0,1072.0,41.0,1086,9,1087.0,4.0,1093.0,41.0,1082.5,0.0
1,47600,ORCHIDS,1078,9,1077.0,5.0,1071.0,50.0,1085,9,1086.0,5.0,1092.0,50.0,1081.5,0.0
1,47700,ORCHIDS,1078,10,1077.0,2.0,1071.0,47.0,1085,10,1086.0,2.0,1092.0,47.0,1081.5,0.0
1,47800,ORCHIDS,1077,5,1076.0,3.0,1070.0,48.0,1084,5,1085.0,3.0,1091.0,48.0,1080.5,0.0
1,47900,ORCHIDS,1076,7,1075.0,3.0,1069.0,46.0,1083,7,1084.0,3.0,1090.0,46.0,1079.5,0.0
1,48000,ORCHIDS,1076,6,1075.0,5.0,1069.0,53.0,1083,6,1084.0,5.0,1090.0,53.0,1079.5,0.0
1,48100,ORCHIDS,1076,7,1075.0,5.0,1069.0,41.0,1083,7,1084.0,5.0,1090.0,41.0,1079.5,0.0
1,48200,ORCHIDS,1077,10,1076.0,4.0,1070.0,51.0,1084,10,1085.0,4.0,1091.0,51.0,1080.5,0.0
1,48300,ORCHIDS,1079,5,1078.0,4.0,1072.0,39.0,1086,5,1087.0,4.0,1093.0,39.0,1082.5,0.0
1,48400,ORCHIDS,1079,9,1078.0,4.0,1072.0,45.0,1083,5,1086.0,9.0,1087.0,4.0,1081.0,0.0
1,48500,ORCHIDS,1079,9,1078.0,2.0,1072.0,57.0,1086,9,1087.0,2.0,1093.0,57.0,1082.5,0.0
1,48600,ORCHIDS,1079,6,1078.0,4.0,1072.0,40.0,1086,6,1087.0,4.0,1093.0,40.0,1082.5,0.0
1,48700,ORCHIDS,1080,10,1079.0,4.0,1073.0,54.0,1087,10,1088.0,4.0,1094.0,54.0,1083.5,0.0
1,48800,ORCHIDS,1081,7,1080.0,2.0,1074.0,40.0,1088,7,1089.0,2.0,1095.0,40.0,1084.5,0.0
1,48900,ORCHIDS,1081,10,1080.0,3.0,1074.0,50.0,1088,10,1089.0,3.0,1095.0,50.0,1084.5,0.0
1,49000,ORCHIDS,1082,6,1081.0,2.0,1075.0,43.0,1089,6,1090.0,2.0,1096.0,43.0,1085.5,0.0
1,49100,ORCHIDS,1082,6,1081.0,5.0,1075.0,55.0,1089,6,1090.0,5.0,1096.0,55.0,1085.5,0.0
1,49200,ORCHIDS,1081,7,1080.0,5.0,1074.0,48.0,1089,7,1090.0,5.0,1096.0,48.0,1085.0,0.0
1,49300,ORCHIDS,1081,8,1080.0,5.0,1074.0,56.0,1089,8,1090.0,5.0,1096.0,56.0,1085.0,0.0
1,49400,ORCHIDS,1081,10,1080.0,5.0,1074.0,44.0,1089,10,1090.0,5.0,1096.0,44.0,1085.0,0.0
1,49500,ORCHIDS,1083,7,1082.0,5.0,1076.0,48.0,1090,7,1091.0,5.0,1097.0,48.0,1086.5,0.0
1,49600,ORCHIDS,1083,6,1082.0,4.0,1076.0,46.0,1090,6,1091.0,4.0,1097.0,46.0,1086.5,0.0
1,49700,ORCHIDS,1083,8,1082.0,5.0,1076.0,49.0,1090,8,1091.0,5.0,1097.0,49.0,1086.5,0.0
1,49800,ORCHIDS,1083,7,1082.0,5.0,1076.0,45.0,1091,7,1092.0,5.0,1098.0,45.0,1087.0,0.0
1,49900,ORCHIDS,1084,6,1083.0,4.0,1077.0,45.0,1091,6,1092.0,4.0,1098.0,45.0,1087.5,0.0
1,50000,ORCHIDS,1083,6,1082.0,2.0,1076.0,42.0,1090,6,1091.0,2.0,1097.0,42.0,1086.5,0.0
1,50100,ORCHIDS,1083,9,1082.0,4.0,1076.0,45.0,1090,9,1091.0,4.0,1098.0,45.0,1086.5,0.0
1,50200,ORCHIDS,1084,6,1083.0,3.0,1076.0,43.0,1091,6,1092.0,3.0,1098.0,43.0,1087.5,0.0
1,50300,ORCHIDS,1085,10,1084.0,4.0,1078.0,50.0,1092,10,1093.0,4.0,1100.0,50.0,1088.5,0.0
1,50400,ORCHIDS,1084,8,1083.0,4.0,1076.0,50.0,1091,8,1092.0,4.0,1098.0,50.0,1087.5,0.0
1,50500,ORCHIDS,1082,9,1081.0,2.0,1075.0,39.0,1089,9,1090.0,2.0,1097.0,39.0,1085.5,0.0
1,50600,ORCHIDS,1082,8,1081.0,3.0,1074.0,42.0,1089,8,1090.0,3.0,1097.0,42.0,1085.5,0.0
1,50700,ORCHIDS,1082,9,1081.0,4.0,1074.0,41.0,1089,9,1090.0,4.0,1096.0,41.0,1085.5,0.0
1,50800,ORCHIDS,1083,7,1082.0,3.0,1076.0,46.0,1090,7,1091.0,3.0,1098.0,46.0,1086.5,0.0
1,50900,ORCHIDS,1083,5,1082.0,4.0,1075.0,43.0,1090,5,1091.0,4.0,1098.0,43.0,1086.5,0.0
1,51000,ORCHIDS,1082,8,1081.0,5.0,1075.0,53.0,1089,8,1090.0,5.0,1097.0,53.0,1085.5,0.0
1,51100,ORCHIDS,1081,10,1080.0,2.0,1074.0,46.0,1088,10,1089.0,2.0,1096.0,46.0,1084.5,0.0
1,51200,ORCHIDS,1081,8,1080.0,5.0,1073.0,54.0,1088,8,1089.0,5.0,1096.0,54.0,1084.5,0.0
1,51300,ORCHIDS,1082,10,1081.0,5.0,1074.0,50.0,1089,10,1090.0,5.0,1096.0,50.0,1085.5,0.0
1,51400,ORCHIDS,1083,8,1082.0,2.0,1075.0,54.0,1090,8,1091.0,2.0,1097.0,54.0,1086.5,0.0
1,51500,ORCHIDS,1083,10,1082.0,5.0,1075.0,44.0,1090,10,1091.0,5.0,1098.0,44.0,1086.5,0.0
1,51600,ORCHIDS,1084,7,1083.0,2.0,1076.0,42.0,1091,7,1092.0,2.0,1098.0,42.0,1087.5,0.0
1,51700,ORCHIDS,1085,6,1084.0,2.0,1077.0,46.0,1092,6,1093.0,2.0,1099.0,46.0,1088.5,0.0
1,51800,ORCHIDS,1085,9,1084.0,3.0,1077.0,49.0,1092,9,1093.0,3.0,1099.0,49.0,1088.5,0.0
1,51900,ORCHIDS,1085,5,1084.0,2.0,1077.0,49.0,1092,5,1093.0,2.0,1099.0,49.0,1088.5,0.0
1,52000,ORCHIDS,1084,6,1083.0,5.0,1076.0,53.0,1091,6,1092.0,5.0,1098.0,53.0,1087.5,0.0
1,52100,ORCHIDS,1083,7,1082.0,3.0,1076.0,50.0,1091,7,1092.0,3.0,1098.0,50.0,1087.0,0.0
1,52200,ORCHIDS,1083,9,1082.0,4.0,1076.0,43.0,1091,9,1092.0,4.0,1098.0,43.0,1087.0,0.0
1,52300,ORCHIDS,1083,8,1082.0,2.0,1075.0,48.0,1090,8,1091.0,2.0,1097.0,48.0,1086.5,0.0
1,52400,ORCHIDS,1084,7,1083.0,4.0,1076.0,46.0,1091,7,1092.0,4.0,1098.0,46.0,1087.5,0.0
1,52500,ORCHIDS,1084,5,1083.0,5.0,1076.0,47.0,1091,5,1092.0,5.0,1099.0,47.0,1087.5,0.0
1,52600,ORCHIDS,1085,7,1084.0,3.0,1078.0,48.0,1092,7,1093.0,3.0,1100.0,48.0,1088.5,0.0
1,52700,ORCHIDS,1085,5,1084.0,4.0,1078.0,41.0,1092,5,1093.0,4.0,1100.0,41.0,1088.5,0.0
1,52800,ORCHIDS,1086,10,1085.0,5.0,1078.0,60.0,1093,10,1094.0,5.0,1100.0,60.0,1089.5,0.0
1,52900,ORCHIDS,1086,10,1085.0,5.0,1078.0,50.0,1093,10,1094.0,5.0,1100.0,50.0,1089.5,0.0
1,53000,ORCHIDS,1085,6,1084.0,3.0,1078.0,55.0,1093,6,1094.0,3.0,1100.0,55.0,1089.0,0.0
1,53100,ORCHIDS,1086,7,1085.0,4.0,1079.0,47.0,1093,7,1094.0,4.0,1101.0,47.0,1089.5,0.0
1,53200,ORCHIDS,1085,7,1084.0,2.0,1078.0,45.0,1092,7,1093.0,2.0,1100.0,45.0,1088.5,0.0
1,53300,ORCHIDS,1084,5,1083.0,3.0,1077.0,51.0,1091,5,1092.0,3.0,1099.0,51.0,1087.5,0.0
1,53400,ORCHIDS,1086,10,1085.0,3.0,1078.0,47.0,1093,10,1094.0,3.0,1100.0,47.0,1089.5,0.0
1,53500,ORCHIDS,1087,6,1086.0,4.0,1080.0,42.0,1094,6,1095.0,4.0,1102.0,42.0,1090.5,0.0
1,53600,ORCHIDS,1087,7,1086.0,2.0,1080.0,53.0,1094,7,1095.0,2.0,1102.0,53.0,1090.5,0.0
1,53700,ORCHIDS,1087,9,1086.0,4.0,1079.0,46.0,1094,9,1095.0,4.0,1102.0,46.0,1090.5,0.0
1,53800,ORCHIDS,1088,5,1087.0,2.0,1080.0,39.0,1095,5,1096.0,2.0,1102.0,39.0,1091.5,0.0
1,53900,ORCHIDS,1088,8,1087.0,4.0,1081.0,47.0,1095,8,1096.0,4.0,1103.0,47.0,1091.5,0.0
1,54000,ORCHIDS,1087,5,1086.0,5.0,1080.0,46.0,1094,5,1095.0,5.0,1102.0,46.0,1090.5,0.0
1,54100,ORCHIDS,1088,6,1087.0,4.0,1081.0,45.0,1095,6,1096.0,4.0,1103.0,45.0,1091.5,0.0
1,54200,ORCHIDS,1087,8,1086.0,5.0,1080.0,49.0,1094,8,1095.0,5.0,1102.0,49.0,1090.5,0.0
1,54300,ORCHIDS,1088,8,1087.0,4.0,1080.0,47.0,1095,8,1096.0,4.0,1102.0,47.0,1091.5,0.0
1,54400,ORCHIDS,1088,5,1087.0,5.0,1081.0,47.0,1095,5,1096.0,5.0,1103.0,47.0,1091.5,0.0
1,54500,ORCHIDS,1088,10,1087.0,4.0,1081.0,53.0,1092,10,1095.0,10.0,1096.0,4.0,1090.0,0.0
1,54600,ORCHIDS,1088,6,1087.0,2.0,1080.0,51.0,1095,6,1096.0,2.0,1102.0,51.0,1091.5,0.0
1,54700,ORCHIDS,1087,8,1086.0,5.0,1080.0,53.0,1094,8,1095.0,5.0,1102.0,53.0,1090.5,0.0
1,54800,ORCHIDS,1086,7,1085.0,2.0,1078.0,47.0,1093,7,1094.0,2.0,1100.0,47.0,1089.5,0.0
1,54900,ORCHIDS,1087,6,1086.0,2.0,1079.0,49.0,1094,6,1095.0,2.0,1101.0,49.0,1090.5,0.0
1,55000,ORCHIDS,1087,9,1086.0,3.0,1079.0,54.0,1094,9,1095.0,3.0,1102.0,54.0,1090.5,0.0
1,55100,ORCHIDS,1087,10,1086.0,5.0,1079.0,53.0,1094,10,1095.0,5.0,1102.0,53.0,1090.5,0.0
1,55200,ORCHIDS,1086,7,1085.0,3.0,1078.0,40.0,1093,7,1094.0,3.0,1100.0,40.0,1089.5,0.0
1,55300,ORCHIDS,1089,6,1086.0,8.0,1085.0,5.0,1093,8,1094.0,5.0,1101.0,57.0,1091.0,0.0
1,55400,ORCHIDS,1087,5,1086.0,2.0,1080.0,49.0,1091,4,1094.0,5.0,1095.0,2.0,1089.0,0.0
1,55500,ORCHIDS,1087,8,1086.0,4.0,1080.0,43.0,1095,8,1096.0,4.0,1102.0,43.0,1091.0,0.0
1,55600,ORCHIDS,1087,5,1086.0,2.0,1080.0,41.0,1095,5,1096.0,2.0,1102.0,41.0,1091.0,0.0
1,55700,ORCHIDS,1088,10,1087.0,3.0,1081.0,49.0,1095,10,1096.0,3.0,1103.0,49.0,1091.5,0.0
1,55800,ORCHIDS,1092,4,1087.0,8.0,1086.0,3.0,1094,8,1095.0,3.0,1102.0,53.0,1093.0,0.0
1,55900,ORCHIDS,1087,7,1086.0,2.0,1079.0,48.0,1094,7,1095.0,2.0,1101.0,48.0,1090.5,0.0
1,56000,ORCHIDS,1087,9,1086.0,5.0,1079.0,48.0,1094,9,1095.0,5.0,1101.0,48.0,1090.5,0.0
1,56100,ORCHIDS,1086,8,1085.0,4.0,1079.0,49.0,1093,8,1094.0,4.0,1101.0,49.0,1089.5,0.0
1,56200,ORCHIDS,1086,6,1085.0,4.0,1078.0,46.0,1093,6,1094.0,4.0,1101.0,46.0,1089.5,0.0
1,56300,ORCHIDS,1086,7,1085.0,3.0,1078.0,46.0,1093,7,1094.0,3.0,1101.0,46.0,1089.5,0.0
1,56400,ORCHIDS,1089,5,1086.0,9.0,1085.0,3.0,1093,9,1094.0,3.0,1101.0,52.0,1091.0,0.0
1,56500,ORCHIDS,1086,10,1085.0,2.0,1079.0,49.0,1094,10,1095.0,2.0,1101.0,49.0,1090.0,0.0
1,56600,ORCHIDS,1085,8,1084.0,3.0,1078.0,57.0,1089,8,1092.0,8.0,1093.0,3.0,1087.0,0.0
1,56700,ORCHIDS,1086,5,1085.0,4.0,1079.0,35.0,1093,5,1094.0,4.0,1101.0,35.0,1089.5,0.0
1,56800,ORCHIDS,1086,10,1085.0,2.0,1079.0,54.0,1093,10,1094.0,2.0,1101.0,54.0,1089.5,0.0
1,56900,ORCHIDS,1086,8,1085.0,3.0,1079.0,44.0,1093,8,1094.0,3.0,1101.0,44.0,1089.5,0.0
1,57000,ORCHIDS,1087,9,1086.0,2.0,1079.0,58.0,1094,9,1095.0,2.0,1101.0,58.0,1090.5,0.0
1,57100,ORCHIDS,1087,9,1086.0,3.0,1080.0,52.0,1094,9,1095.0,3.0,1102.0,52.0,1090.5,0.0
1,57200,ORCHIDS,1090,6,1087.0,10.0,1086.0,5.0,1094,10,1095.0,5.0,1102.0,47.0,1092.0,0.0
1,57300,ORCHIDS,1087,6,1086.0,2.0,1080.0,46.0,1094,6,1095.0,2.0,1102.0,46.0,1090.5,0.0
1,57400,ORCHIDS,1087,5,1086.0,2.0,1079.0,43.0,1094,5,1095.0,2.0,1101.0,43.0,1090.5,0.0
1,57500,ORCHIDS,1089,5,1088.0,4.0,1081.0,49.0,1096,5,1097.0,4.0,1103.0,49.0,1092.5,0.0
1,57600,ORCHIDS,1087,9,1086.0,4.0,1080.0,51.0,1094,9,1095.0,4.0,1102.0,51.0,1090.5,0.0
1,57700,ORCHIDS,1086,6,1085.0,5.0,1079.0,54.0,1093,6,1094.0,5.0,1101.0,54.0,1089.5,0.0
1,57800,ORCHIDS,1089,6,1086.0,9.0,1085.0,5.0,1093,9,1094.0,5.0,1101.0,49.0,1091.0,0.0
1,57900,ORCHIDS,1087,8,1086.0,5.0,1080.0,51.0,1094,8,1095.0,5.0,1102.0,51.0,1090.5,0.0
1,58000,ORCHIDS,1086,5,1085.0,2.0,1079.0,50.0,1093,5,1094.0,2.0,1101.0,50.0,1089.5,0.0
1,58100,ORCHIDS,1086,7,1085.0,5.0,1078.0,43.0,1093,7,1094.0,5.0,1100.0,43.0,1089.5,0.0
1,58200,ORCHIDS,1084,8,1083.0,2.0,1077.0,55.0,1091,8,1092.0,2.0,1099.0,55.0,1087.5,0.0
1,58300,ORCHIDS,1087,10,1084.0,10.0,1083.0,4.0,1091,10,1092.0,4.0,1099.0,51.0,1089.0,0.0
1,58400,ORCHIDS,1084,8,1083.0,3.0,1076.0,42.0,1091,8,1092.0,3.0,1098.0,42.0,1087.5,0.0
1,58500,ORCHIDS,1081,10,1080.0,3.0,1074.0,50.0,1088,10,1089.0,3.0,1096.0,50.0,1084.5,0.0
1,58600,ORCHIDS,1081,10,1080.0,5.0,1073.0,50.0,1088,10,1089.0,5.0,1095.0,50.0,1084.5,0.0
1,58700,ORCHIDS,1081,9,1080.0,4.0,1073.0,48.0,1088,9,1089.0,4.0,1095.0,48.0,1084.5,0.0
1,58800,ORCHIDS,1080,9,1079.0,3.0,1072.0,53.0,1087,9,1088.0,3.0,1094.0,53.0,1083.5,0.0
1,58900,ORCHIDS,1080,7,1079.0,3.0,1072.0,49.0,1087,7,1088.0,3.0,1094.0,49.0,1083.5,0.0
1,59000,ORCHIDS,1079,10,1078.0,4.0,1071.0,47.0,1086,10,1087.0,4.0,1093.0,47.0,1082.5,0.0
1,59100,ORCHIDS,1079,5,1078.0,3.0,1072.0,52.0,1086,5,1087.0,3.0,1094.0,52.0,1082.5,0.0
1,59200,ORCHIDS,1081,9,1080.0,2.0,1073.0,48.0,1088,9,1089.0,2.0,1095.0,48.0,1084.5,0.0
1,59300,ORCHIDS,1081,8,1080.0,2.0,1074.0,48.0,1088,8,1089.0,2.0,1096.0,48.0,1084.5,0.0
1,59400,ORCHIDS,1083,10,1082.0,3.0,1075.0,48.0,1090,10,1091.0,3.0,1097.0,48.0,1086.5,0.0
1,59500,ORCHIDS,1082,9,1081.0,5.0,1074.0,43.0,1089,9,1090.0,5.0,1096.0,43.0,1085.5,0.0
1,59600,ORCHIDS,1082,5,1081.0,4.0,1074.0,43.0,1089,5,1090.0,4.0,1096.0,43.0,1085.5,0.0
1,59700,ORCHIDS,1081,8,1080.0,5.0,1074.0,45.0,1088,8,1089.0,5.0,1096.0,45.0,1084.5,0.0
1,59800,ORCHIDS,1081,6,1080.0,3.0,1074.0,53.0,1088,6,1089.0,3.0,1096.0,53.0,1084.5,0.0
1,59900,ORCHIDS,1080,9,1079.0,4.0,1073.0,42.0,1087,9,1088.0,4.0,1095.0,42.0,1083.5,0.0
1,60000,ORCHIDS,1078,6,1077.0,4.0,1070.0,51.0,1085,6,1086.0,4.0,1092.0,51.0,1081.5,0.0
1,60100,ORCHIDS,1078,6,1077.0,3.0,1070.0,42.0,1085,6,1086.0,3.0,1093.0,42.0,1081.5,0.0
1,60200,ORCHIDS,1078,7,1077.0,2.0,1070.0,43.0,1085,7,1086.0,2.0,1092.0,43.0,1081.5,0.0
1,60300,ORCHIDS,1077,7,1076.0,2.0,1070.0,45.0,1084,7,1085.0,2.0,1092.0,45.0,1080.5,0.0
1,60400,ORCHIDS,1078,5,1077.0,4.0,1071.0,48.0,1085,5,1086.0,4.0,1093.0,48.0,1081.5,0.0
1,60500,ORCHIDS,1078,6,1077.0,2.0,1070.0,48.0,1085,6,1086.0,2.0,1092.0,48.0,1081.5,0.0
1,60600,ORCHIDS,1079,6,1078.0,5.0,1071.0,49.0,1086,6,1087.0,5.0,1093.0,49.0,1082.5,0.0
1,60700,ORCHIDS,1080,10,1079.0,3.0,1072.0,52.0,1087,10,1088.0,3.0,1094.0,52.0,1083.5,0.0
1,60800,ORCHIDS,1080,8,1079.0,4.0,1072.0,45.0,1087,8,1088.0,4.0,1095.0,45.0,1083.5,0.0
1,60900,ORCHIDS,1080,6,1079.0,5.0,1073.0,48.0,1087,6,1088.0,5.0,1095.0,48.0,1083.5,0.0
1,61000,ORCHIDS,1080,9,1079.0,3.0,1073.0,46.0,1087,9,1088.0,3.0,1095.0,46.0,1083.5,0.0
1,61100,ORCHIDS,1079,10,1078.0,4.0,1071.0,52.0,1086,10,1087.0,4.0,1093.0,52.0,1082.5,0.0
1,61200,ORCHIDS,1079,6,1078.0,3.0,1072.0,46.0,1086,6,1087.0,3.0,1094.0,46.0,1082.5,0.0
1,61300,ORCHIDS,1080,7,1079.0,5.0,1073.0,52.0,1087,7,1088.0,5.0,1095.0,52.0,1083.5,0.0
1,61400,ORCHIDS,1080,9,1079.0,4.0,1072.0,50.0,1087,9,1088.0,4.0,1095.0,50.0,1083.5,0.0
1,61500,ORCHIDS,1080,5,1079.0,3.0,1073.0,51.0,1087,5,1088.0,3.0,1095.0,51.0,1083.5,0.0
1,61600,ORCHIDS,1080,7,1079.0,5.0,1072.0,47.0,1087,7,1088.0,5.0,1094.0,47.0,1083.5,0.0
1,61700,ORCHIDS,1079,6,1078.0,2.0,1072.0,52.0,1086,6,1087.0,2.0,1094.0,52.0,1082.5,0.0
1,61800,ORCHIDS,1078,7,1077.0,5.0,1070.0,51.0,1085,7,1086.0,5.0,1092.0,51.0,1081.5,0.0
1,61900,ORCHIDS,1080,8,1079.0,5.0,1073.0,43.0,1087,8,1088.0,5.0,1095.0,43.0,1083.5,0.0
1,62000,ORCHIDS,1081,10,1080.0,3.0,1074.0,50.0,1088,10,1089.0,3.0,1096.0,50.0,1084.5,0.0
1,62100,ORCHIDS,1081,5,1080.0,4.0,1074.0,47.0,1088,5,1089.0,4.0,1096.0,47.0,1084.5,0.0
1,62200,ORCHIDS,1080,9,1079.0,2.0,1072.0,50.0,1087,9,1088.0,2.0,1094.0,50.0,1083.5,0.0
1,62300,ORCHIDS,1079,6,1078.0,5.0,1071.0,41.0,1086,6,1087.0,5.0,1093.0,41.0,1082.5,0.0
1,62400,ORCHIDS,1077,10,1076.0,3.0,1070.0,60.0,1084,10,1085.0,3.0,1092.0,60.0,1080.5,0.0
1,62500,ORCHIDS,1077,8,1076.0,3.0,1069.0,46.0,1084,8,1085.0,3.0,1091.0,46.0,1080.5,0.0
1,62600,ORCHIDS,1075,9,1074.0,5.0,1068.0,48.0,1082,9,1083.0,5.0,1090.0,48.0,1078.5,0.0
1,62700,ORCHIDS,1075,6,1074.0,3.0,1067.0,45.0,1082,6,1083.0,3.0,1089.0,45.0,1078.5,0.0
1,62800,ORCHIDS,1079,7,1078.0,3.0,1071.0,42.0,1086,7,1087.0,3.0,1093.0,42.0,1082.5,0.0
1,62900,ORCHIDS,1078,5,1077.0,3.0,1071.0,48.0,1086,5,1087.0,3.0,1093.0,48.0,1082.0,0.0
1,63000,ORCHIDS,1078,8,1077.0,2.0,1070.0,48.0,1085,8,1086.0,2.0,1092.0,48.0,1081.5,0.0
1,63100,ORCHIDS,1079,10,1078.0,4.0,1071.0,52.0,1086,10,1087.0,4.0,1093.0,52.0,1082.5,0.0
1,63200,ORCHIDS,1078,7,1077.0,4.0,1071.0,38.0,1086,7,1087.0,4.0,1093.0,38.0,1082.0,0.0
1,63300,ORCHIDS,1077,6,1076.0,3.0,1070.0,47.0,1081,7,1084.0,6.0,1085.0,3.0,1079.0,0.0
1,63400,ORCHIDS,1076,5,1075.0,3.0,1069.0,42.0,1083,5,1084.0,3.0,1091.0,42.0,1079.5,0.0
1,63500,ORCHIDS,1077,6,1076.0,3.0,1070.0,47.0,1084,6,1085.0,3.0,1092.0,47.0,1080.5,0.0
1,63600,ORCHIDS,1077,5,1076.0,3.0,1070.0,43.0,1085,5,1086.0,3.0,1092.0,43.0,1081.0,0.0
1,63700,ORCHIDS,1077,7,1076.0,3.0,1070.0,50.0,1084,7,1085.0,3.0,1092.0,50.0,1080.5,0.0
1,63800,ORCHIDS,1077,9,1076.0,5.0,1069.0,39.0,1084,9,1085.0,5.0,1092.0,39.0,1080.5,0.0
1,63900,ORCHIDS,1077,5,1076.0,4.0,1070.0,46.0,1084,5,1085.0,4.0,1092.0,46.0,1080.5,0.0
1,64000,ORCHIDS,1077,10,1076.0,4.0,1070.0,49.0,1084,10,1085.0,4.0,1092.0,49.0,1080.5,0.0
1,64100,ORCHIDS,1079,9,1078.0,4.0,1071.0,54.0,1086,9,1087.0,4.0,1093.0,54.0,1082.5,0.0
1,64200,ORCHIDS,1078,10,1077.0,3.0,1071.0,58.0,1085,10,1086.0,3.0,1093.0,58.0,1081.5,0.0
1,64300,ORCHIDS,1078,7,1077.0,3.0,1071.0,40.0,1086,7,1087.0,3.0,1093.0,40.0,1082.0,0.0
1,64400,ORCHIDS,1078,5,1077.0,2.0,1071.0,37.0,1086,5,1087.0,2.0,1093.0,37.0,1082.0,0.0
1,64500,ORCHIDS,1078,8,1077.0,4.0,1070.0,47.0,1085,8,1086.0,4.0,1092.0,47.0,1081.5,0.0
1,64600,ORCHIDS,1076,10,1075.0,2.0,1069.0,49.0,1083,10,1084.0,2.0,1091.0,49.0,1079.5,0.0
1,64700,ORCHIDS,1076,7,1075.0,3.0,1068.0,46.0,1083,7,1084.0,3.0,1091.0,46.0,1079.5,0.0
1,64800,ORCHIDS,1078,6,1077.0,2.0,1070.0,41.0,1085,6,1086.0,2.0,1092.0,41.0,1081.5,0.0
1,64900,ORCHIDS,1078,7,1077.0,2.0,1070.0,51.0,1085,7,1086.0,2.0,1093.0,51.0,1081.5,0.0
1,65000,ORCHIDS,1078,8,1077.0,5.0,1070.0,52.0,1085,8,1086.0,5.0,1092.0,52.0,1081.5,0.0
1,65100,ORCHIDS,1077,9,1076.0,4.0,1070.0,46.0,1085,9,1086.0,4.0,1092.0,46.0,1081.0,0.0
1,65200,ORCHIDS,1080,10,1079.0,2.0,1072.0,52.0,1087,10,1088.0,2.0,1094.0,52.0,1083.5,0.0
1,65300,ORCHIDS,1081,6,1080.0,4.0,1073.0,38.0,1088,6,1089.0,4.0,1095.0,38.0,1084.5,0.0
1,65400,ORCHIDS,1082,5,1081.0,3.0,1074.0,42.0,1089,5,1090.0,3.0,1096.0,42.0,1085.5,0.0
1,65500,ORCHIDS,1082,6,1081.0,2.0,1074.0,46.0,1089,6,1090.0,2.0,1096.0,46.0,1085.5,0.0
1,65600,ORCHIDS,1081,6,1080.0,4.0,1073.0,48.0,1088,6,1089.0,4.0,1095.0,48.0,1084.5,0.0
1,65700,ORCHIDS,1083,8,1082.0,2.0,1076.0,51.0,1090,8,1091.0,2.0,1098.0,51.0,1086.5,0.0
1,65800,ORCHIDS,1084,5,1083.0,5.0,1076.0,47.0,1091,5,1092.0,5.0,1098.0,47.0,1087.5,0.0
1,65900,ORCHIDS,1083,6,1082.0,4.0,1076.0,49.0,1087,6,1090.0,6.0,1091.0,4.0,1085.0,0.0
1,66000,ORCHIDS,1082,5,1081.0,3.0,1075.0,48.0,1089,5,1090.0,3.0,1097.0,48.0,1085.5,0.0
1,66100,ORCHIDS,1083,9,1082.0,5.0,1076.0,58.0,1090,9,1091.0,5.0,1098.0,58.0,1086.5,0.0
1,66200,ORCHIDS,1083,8,1082.0,5.0,1076.0,54.0,1091,8,1092.0,5.0,1098.0,54.0,1087.0,0.0
1,66300,ORCHIDS,1082,8,1081.0,5.0,1074.0,45.0,1089,8,1090.0,5.0,1096.0,45.0,1085.5,0.0
1,66400,ORCHIDS,1081,9,1080.0,2.0,1073.0,43.0,1088,9,1089.0,2.0,1095.0,43.0,1084.5,0.0
1,66500,ORCHIDS,1082,9,1081.0,5.0,1075.0,50.0,1089,9,1090.0,5.0,1097.0,50.0,1085.5,0.0
1,66600,ORCHIDS,1084,9,1083.0,4.0,1076.0,49.0,1091,9,1092.0,4.0,1098.0,49.0,1087.5,0.0
1,66700,ORCHIDS,1083,9,1082.0,5.0,1076.0,40.0,1091,9,1092.0,5.0,1098.0,40.0,1087.0,0.0
1,66800,ORCHIDS,1084,8,1083.0,4.0,1077.0,51.0,1091,8,1092.0,4.0,1099.0,51.0,1087.5,0.0
1,66900,ORCHIDS,1086,5,1085.0,2.0,1078.0,38.0,1093,5,1094.0,2.0,1100.0,38.0,1089.5,0.0
1,67000,ORCHIDS,1085,8,1084.0,3.0,1077.0,45.0,1092,8,1093.0,3.0,1099.0,45.0,1088.5,0.0
1,67100,ORCHIDS,1084,8,1083.0,3.0,1076.0,45.0,1091,8,1092.0,3.0,1098.0,45.0,1087.5,0.0
1,67200,ORCHIDS,1082,5,1081.0,4.0,1075.0,42.0,1089,5,1090.0,4.0,1097.0,42.0,1085.5,0.0
1,67300,ORCHIDS,1081,8,1080.0,2.0,1074.0,51.0,1088,8,1089.0,2.0,1096.0,51.0,1084.5,0.0
1,67400,ORCHIDS,1081,10,1080.0,5.0,1074.0,47.0,1088,10,1089.0,5.0,1096.0,47.0,1084.5,0.0
1,67500,ORCHIDS,1081,10,1080.0,5.0,1074.0,56.0,1089,10,1090.0,5.0,1096.0,56.0,1085.0,0.0
1,67600,ORCHIDS,1081,9,1080.0,5.0,1074.0,52.0,1088,9,1089.0,5.0,1096.0,52.0,1084.5,0.0
1,67700,ORCHIDS,1081,8,1080.0,3.0,1074.0,50.0,1088,8,1089.0,3.0,1096.0,50.0,1084.5,0.0
1,67800,ORCHIDS,1081,9,1080.0,4.0,1074.0,50.0,1088,9,1089.0,4.0,1096.0,50.0,1084.5,0.0
1,67900,ORCHIDS,1081,9,1080.0,3.0,1074.0,50.0,1088,9,1089.0,3.0,1096.0,50.0,1084.5,0.0
1,68000,ORCHIDS,1082,7,1081.0,4.0,1075.0,49.0,1089,7,1090.0,4.0,1097.0,49.0,1085.5,0.0
1,68100,ORCHIDS,1081,10,1080.0,3.0,1074.0,43.0,1088,10,1089.0,3.0,1096.0,43.0,1084.5,0.0
1,68200,ORCHIDS,1078,8,1077.0,5.0,1070.0,44.0,1085,8,1086.0,5.0,1092.0,44.0,1081.5,0.0
1,68300,ORCHIDS,1079,9,1078.0,4.0,1071.0,45.0,1086,9,1087.0,4.0,1093.0,45.0,1082.5,0.0
1,68400,ORCHIDS,1080,10,1079.0,4.0,1072.0,57.0,1087,10,1088.0,4.0,1094.0,57.0,1083.5,0.0
1,68500,ORCHIDS,1079,5,1078.0,5.0,1072.0,47.0,1086,5,1087.0,5.0,1094.0,47.0,1082.5,0.0
1,68600,ORCHIDS,1078,5,1077.0,4.0,1071.0,37.0,1085,5,1086.0,4.0,1093.0,37.0,1081.5,0.0
1,68700,ORCHIDS,1079,7,1078.0,2.0,1071.0,40.0,1086,7,1087.0,2.0,1093.0,40.0,1082.5,0.0
1,68800,ORCHIDS,1078,5,1077.0,5.0,1070.0,50.0,1085,5,1086.0,5.0,1092.0,50.0,1081.5,0.0
1,68900,ORCHIDS,1078,5,1077.0,5.0,1070.0,38.0,1085,5,1086.0,5.0,1092.0,38.0,1081.5,0.0
1,69000,ORCHIDS,1078,8,1077.0,4.0,1071.0,54.0,1085,8,1086.0,4.0,1093.0,54.0,1081.5,0.0
1,69100,ORCHIDS,1077,10,1076.0,5.0,1070.0,45.0,1084,10,1085.0,5.0,1092.0,45.0,1080.5,0.0
1,69200,ORCHIDS,1077,10,1076.0,4.0,1069.0,54.0,1084,10,1085.0,4.0,1092.0,54.0,1080.5,0.0
1,69300,ORCHIDS,1076,9,1075.0,3.0,1069.0,54.0,1083,9,1084.0,3.0,1091.0,54.0,1079.5,0.0
1,69400,ORCHIDS,1076,7,1075.0,3.0,1069.0,55.0,1084,7,1085.0,3.0,1091.0,55.0,1080.0,0.0
1,69500,ORCHIDS,1077,10,1076.0,2.0,1070.0,52.0,1084,10,1085.0,2.0,1092.0,52.0,1080.5,0.0
1,69600,ORCHIDS,1077,10,1076.0,3.0,1070.0,53.0,1085,10,1086.0,3.0,1092.0,53.0,1081.0,0.0
1,69700,ORCHIDS,1074,10,1073.0,3.0,1067.0,47.0,1081,10,1082.0,3.0,1089.0,47.0,1077.5,0.0
1,69800,ORCHIDS,1072,6,1071.0,2.0,1065.0,39.0,1079,6,1080.0,2.0,1087.0,39.0,1075.5,0.0
1,69900,ORCHIDS,1073,9,1072.0,5.0,1065.0,50.0,1080,9,1081.0,5.0,1087.0,50.0,1076.5,0.0
1,70000,ORCHIDS,1073,5,1072.0,5.0,1065.0,50.0,1080,5,1081.0,5.0,1087.0,50.0,1076.5,0.0
1,70100,ORCHIDS,1071,9,1070.0,4.0,1064.0,52.0,1078,9,1079.0,4.0,1086.0,52.0,1074.5,0.0
1,70200,ORCHIDS,1072,10,1071.0,3.0,1064.0,55.0,1079,10,1080.0,3.0,1086.0,55.0,1075.5,0.0
1,70300,ORCHIDS,1074,6,1073.0,4.0,1067.0,51.0,1081,6,1082.0,4.0,1089.0,51.0,1077.5,0.0
1,70400,ORCHIDS,1074,5,1073.0,4.0,1067.0,46.0,1081,5,1082.0,4.0,1089.0,46.0,1077.5,0.0
1,70500,ORCHIDS,1073,6,1072.0,3.0,1066.0,50.0,1077,8,1080.0,6.0,1081.0,3.0,1075.0,0.0
1,70600,ORCHIDS,1073,5,1072.0,3.0,1066.0,49.0,1081,5,1082.0,3.0,1088.0,49.0,1077.0,0.0
1,70700,ORCHIDS,1073,8,1072.0,2.0,1066.0,45.0,1081,8,1082.0,2.0,1088.0,45.0,1077.0,0.0
1,70800,ORCHIDS,1072,7,1071.0,2.0,1065.0,50.0,1079,7,1080.0,2.0,1087.0,50.0,1075.5,0.0
1,70900,ORCHIDS,1073,6,1072.0,2.0,1066.0,41.0,1080,6,1081.0,2.0,1088.0,41.0,1076.5,0.0
1,71000,ORCHIDS,1073,7,1072.0,5.0,1066.0,56.0,1080,7,1081.0,5.0,1087.0,56.0,1076.5,0.0
1,71100,ORCHIDS,1073,9,1072.0,3.0,1066.0,54.0,1080,9,1081.0,3.0,1088.0,54.0,1076.5,0.0
1,71200,ORCHIDS,1073,8,1072.0,4.0,1066.0,51.0,1080,8,1081.0,4.0,1088.0,51.0,1076.5,0.0
1,71300,ORCHIDS,1073,6,1072.0,5.0,1066.0,51.0,1077,6,1080.0,6.0,1081.0,5.0,1075.0,0.0
1,71400,ORCHIDS,1073,8,1072.0,2.0,1066.0,56.0,1081,8,1082.0,2.0,1088.0,56.0,1077.0,0.0
1,71500,ORCHIDS,1079,8,1076.0,5.0,1075.0,5.0,1083,5,1084.0,5.0,1090.0,53.0,1081.0,0.0
1,71600,ORCHIDS,1075,7,1074.0,5.0,1068.0,53.0,1082,7,1083.0,5.0,1089.0,53.0,1078.5,0.0
1,71700,ORCHIDS,1072,5,1071.0,4.0,1065.0,37.0,1079,5,1080.0,4.0,1087.0,37.0,1075.5,0.0
1,71800,ORCHIDS,1072,9,1071.0,3.0,1065.0,58.0,1079,9,1080.0,3.0,1086.0,58.0,1075.5,0.0
1,71900,ORCHIDS,1073,8,1072.0,3.0,1066.0,49.0,1080,8,1081.0,3.0,1087.0,49.0,1076.5,0.0
1,72000,ORCHIDS,1072,5,1071.0,2.0,1065.0,41.0,1079,5,1080.0,2.0,1086.0,41.0,1075.5,0.0
1,72100,ORCHIDS,1073,7,1072.0,2.0,1066.0,47.0,1080,7,1081.0,2.0,1087.0,47.0,1076.5,0.0
1,72200,ORCHIDS,1073,6,1072.0,2.0,1066.0,48.0,1080,6,1081.0,2.0,1087.0,48.0,1076.5,0.0
1,72300,ORCHIDS,1072,5,1071.0,4.0,1065.0,50.0,1076,10,1079.0,5.0,1080.0,4.0,1074.0,0.0
1,72400,ORCHIDS,1071,10,1070.0,2.0,1064.0,49.0,1075,10,1078.0,10.0,1079.0,2.0,1073.0,0.0
1,72500,ORCHIDS,1071,9,1070.0,5.0,1064.0,51.0,1079,9,1080.0,5.0,1086.0,51.0,1075.0,0.0
1,72600,ORCHIDS,1071,7,1070.0,5.0,1064.0,45.0,1078,7,1079.0,5.0,1086.0,45.0,1074.5,0.0
1,72700,ORCHIDS,1070,8,1069.0,4.0,1063.0,51.0,1077,8,1078.0,4.0,1085.0,51.0,1073.5,0.0
1,72800,ORCHIDS,1071,7,1070.0,5.0,1064.0,49.0,1078,7,1079.0,5.0,1086.0,49.0,1074.5,0.0
1,72900,ORCHIDS,1072,6,1071.0,2.0,1065.0,54.0,1079,6,1080.0,2.0,1087.0,54.0,1075.5,0.0
1,73000,ORCHIDS,1071,7,1070.0,4.0,1064.0,44.0,1078,7,1079.0,4.0,1085.0,44.0,1074.5,0.0
1,73100,ORCHIDS,1072,8,1071.0,5.0,1065.0,54.0,1079,8,1080.0,5.0,1087.0,54.0,1075.5,0.0
1,73200,ORCHIDS,1073,8,1072.0,4.0,1066.0,56.0,1080,8,1081.0,4.0,1088.0,56.0,1076.5,0.0
1,73300,ORCHIDS,1073,9,1072.0,3.0,1066.0,42.0,1080,9,1081.0,3.0,1088.0,42.0,1076.5,0.0
1,73400,ORCHIDS,1074,8,1073.0,4.0,1067.0,58.0,1081,8,1082.0,4.0,1089.0,58.0,1077.5,0.0
1,73500,ORCHIDS,1076,5,1075.0,4.0,1069.0,44.0,1083,5,1084.0,4.0,1090.0,44.0,1079.5,0.0
1,73600,ORCHIDS,1074,8,1073.0,4.0,1067.0,50.0,1081,8,1082.0,4.0,1088.0,50.0,1077.5,0.0
1,73700,ORCHIDS,1074,10,1073.0,2.0,1067.0,47.0,1081,10,1082.0,2.0,1089.0,47.0,1077.5,0.0
1,73800,ORCHIDS,1074,7,1073.0,2.0,1067.0,55.0,1081,7,1082.0,2.0,1089.0,55.0,1077.5,0.0
1,73900,ORCHIDS,1076,7,1075.0,2.0,1069.0,50.0,1083,7,1084.0,2.0,1091.0,50.0,1079.5,0.0
1,74000,ORCHIDS,1075,10,1074.0,3.0,1068.0,45.0,1082,10,1083.0,3.0,1089.0,45.0,1078.5,0.0
1,74100,ORCHIDS,1075,8,1074.0,4.0,1068.0,50.0,1082,8,1083.0,4.0,1089.0,50.0,1078.5,0.0
1,74200,ORCHIDS,1073,8,1072.0,5.0,1066.0,50.0,1080,8,1081.0,5.0,1088.0,50.0,1076.5,0.0
1,74300,ORCHIDS,1072,9,1071.0,4.0,1065.0,56.0,1079,9,1080.0,4.0,1087.0,56.0,1075.5,0.0
1,74400,ORCHIDS,1072,10,1071.0,2.0,1065.0,50.0,1079,10,1080.0,2.0,1087.0,50.0,1075.5,0.0
1,74500,ORCHIDS,1071,5,1070.0,3.0,1064.0,46.0,1078,5,1079.0,3.0,1086.0,46.0,1074.5,0.0
1,74600,ORCHIDS,1070,8,1069.0,4.0,1063.0,48.0,1072,3,1077.0,8.0,1078.0,4.0,1071.0,0.0
1,74700,ORCHIDS,1072,10,1071.0,3.0,1065.0,53.0,1079,10,1080.0,3.0,1086.0,53.0,1075.5,0.0
1,74800,ORCHIDS,1072,6,1071.0,5.0,1065.0,37.0,1079,6,1080.0,5.0,1086.0,37.0,1075.5,0.0
1,74900,ORCHIDS,1070,8,1069.0,5.0,1063.0,47.0,1077,8,1078.0,5.0,1085.0,47.0,1073.5,0.0
1,75000,ORCHIDS,1072,10,1071.0,4.0,1065.0,57.0,1079,10,1080.0,4.0,1086.0,57.0,1075.5,0.0
1,75100,ORCHIDS,1070,9,1069.0,3.0,1063.0,43.0,1077,9,1078.0,3.0,1085.0,43.0,1073.5,0.0
1,75200,ORCHIDS,1072,10,1071.0,3.0,1065.0,46.0,1079,10,1080.0,3.0,1087.0,46.0,1075.5,0.0
1,75300,ORCHIDS,1072,5,1071.0,2.0,1065.0,49.0,1079,5,1080.0,2.0,1087.0,49.0,1075.5,0.0
1,75400,ORCHIDS,1072,5,1071.0,2.0,1065.0,51.0,1079,5,1080.0,2.0,1086.0,51.0,1075.5,0.0
1,75500,ORCHIDS,1073,7,1072.0,3.0,1066.0,48.0,1080,7,1081.0,3.0,1087.0,48.0,1076.5,0.0
1,75600,ORCHIDS,1073,5,1072.0,2.0,1066.0,55.0,1080,5,1081.0,2.0,1088.0,55.0,1076.5,0.0
1,75700,ORCHIDS,1073,10,1072.0,2.0,1066.0,42.0,1081,10,1082.0,2.0,1088.0,42.0,1077.0,0.0
1,75800,ORCHIDS,1073,10,1072.0,3.0,1066.0,53.0,1080,10,1081.0,3.0,1088.0,53.0,1076.5,0.0
1,75900,ORCHIDS,1073,6,1072.0,5.0,1066.0,51.0,1080,6,1081.0,5.0,1088.0,51.0,1076.5,0.0
1,76000,ORCHIDS,1075,5,1074.0,5.0,1068.0,50.0,1082,5,1083.0,5.0,1089.0,50.0,1078.5,0.0
1,76100,ORCHIDS,1075,10,1074.0,2.0,1068.0,51.0,1082,10,1083.0,2.0,1090.0,51.0,1078.5,0.0
1,76200,ORCHIDS,1078,6,1075.0,9.0,1074.0,3.0,1082,9,1083.0,3.0,1090.0,53.0,1080.0,0.0
1,76300,ORCHIDS,1076,7,1075.0,4.0,1069.0,41.0,1083,7,1084.0,4.0,1090.0,41.0,1079.5,0.0
1,76400,ORCHIDS,1077,8,1076.0,3.0,1070.0,42.0,1084,8,1085.0,3.0,1091.0,42.0,1080.5,0.0
1,76500,ORCHIDS,1076,9,1075.0,3.0,1069.0,52.0,1084,9,1085.0,3.0,1091.0,52.0,1080.0,0.0
1,76600,ORCHIDS,1078,6,1077.0,2.0,1071.0,49.0,1085,6,1086.0,2.0,1092.0,49.0,1081.5,0.0
1,76700,ORCHIDS,1077,7,1076.0,2.0,1070.0,50.0,1084,7,1085.0,2.0,1091.0,50.0,1080.5,0.0
1,76800,ORCHIDS,1076,10,1075.0,4.0,1069.0,49.0,1083,10,1084.0,4.0,1091.0,49.0,1079.5,0.0
1,76900,ORCHIDS,1077,7,1076.0,5.0,1070.0,40.0,1084,7,1085.0,5.0,1091.0,40.0,1080.5,0.0
1,77000,ORCHIDS,1078,8,1077.0,5.0,1071.0,40.0,1085,8,1086.0,5.0,1092.0,40.0,1081.5,0.0
1,77100,ORCHIDS,1077,10,1076.0,2.0,1070.0,41.0,1084,10,1085.0,2.0,1091.0,41.0,1080.5,0.0
1,77200,ORCHIDS,1076,5,1075.0,2.0,1069.0,44.0,1083,5,1084.0,2.0,1090.0,44.0,1079.5,0.0
1,77300,ORCHIDS,1075,8,1074.0,3.0,1068.0,56.0,1083,8,1084.0,3.0,1090.0,56.0,1079.0,0.0
1,77400,ORCHIDS,1077,5,1076.0,2.0,1070.0,47.0,1084,5,1085.0,2.0,1092.0,47.0,1080.5,0.0
1,77500,ORCHIDS,1077,8,1076.0,5.0,1070.0,47.0,1084,8,1085.0,5.0,1091.0,47.0,1080.5,0.0
1,77600,ORCHIDS,1077,8,1076.0,3.0,1070.0,56.0,1084,8,1085.0,3.0,1092.0,56.0,1080.5,0.0
1,77700,ORCHIDS,1078,8,1077.0,3.0,1071.0,42.0,1085,8,1086.0,3.0,1093.0,42.0,1081.5,0.0
1,77800,ORCHIDS,1078,6,1077.0,2.0,1071.0,46.0,1085,6,1086.0,2.0,1093.0,46.0,1081.5,0.0
1,77900,ORCHIDS,1075,5,1074.0,3.0,1068.0,43.0,1082,5,1083.0,3.0,1090.0,43.0,1078.5,0.0
1,78000,ORCHIDS,1075,6,1074.0,4.0,1068.0,54.0,1082,6,1083.0,4.0,1090.0,54.0,1078.5,0.0
1,78100,ORCHIDS,1076,10,1075.0,3.0,1069.0,49.0,1083,10,1084.0,3.0,1090.0,49.0,1079.5,0.0
1,78200,ORCHIDS,1073,6,1072.0,3.0,1066.0,39.0,1080,6,1081.0,3.0,1088.0,39.0,1076.5,0.0
1,78300,ORCHIDS,1072,5,1071.0,5.0,1065.0,45.0,1079,5,1080.0,5.0,1087.0,45.0,1075.5,0.0
1,78400,ORCHIDS,1072,8,1071.0,4.0,1065.0,49.0,1079,8,1080.0,4.0,1087.0,49.0,1075.5,0.0
1,78500,ORCHIDS,1072,5,1071.0,4.0,1065.0,52.0,1079,5,1080.0,4.0,1086.0,52.0,1075.5,0.0
1,78600,ORCHIDS,1072,9,1071.0,4.0,1065.0,41.0,1079,9,1080.0,4.0,1087.0,41.0,1075.5,0.0
1,78700,ORCHIDS,1072,7,1071.0,2.0,1065.0,48.0,1079,7,1080.0,2.0,1087.0,48.0,1075.5,0.0
1,78800,ORCHIDS,1073,5,1072.0,2.0,1066.0,51.0,1080,5,1081.0,2.0,1087.0,51.0,1076.5,0.0
1,78900,ORCHIDS,1072,5,1071.0,4.0,1065.0,49.0,1080,5,1081.0,4.0,1087.0,49.0,1076.0,0.0
1,79000,ORCHIDS,1074,9,1073.0,4.0,1067.0,54.0,1081,9,1082.0,4.0,1088.0,54.0,1077.5,0.0
1,79100,ORCHIDS,1075,5,1074.0,3.0,1068.0,47.0,1082,5,1083.0,3.0,1089.0,47.0,1078.5,0.0
1,79200,ORCHIDS,1075,5,1074.0,4.0,1068.0,45.0,1082,5,1083.0,4.0,1090.0,45.0,1078.5,0.0
1,79300,ORCHIDS,1075,9,1074.0,2.0,1068.0,49.0,1082,9,1083.0,2.0,1089.0,49.0,1078.5,0.0
1,79400,ORCHIDS,1074,10,1073.0,3.0,1067.0,53.0,1081,10,1082.0,3.0,1089.0,53.0,1077.5,0.0
1,79500,ORCHIDS,1073,6,1072.0,3.0,1066.0,44.0,1080,6,1081.0,3.0,1088.0,44.0,1076.5,0.0
1,79600,ORCHIDS,1074,7,1073.0,5.0,1067.0,47.0,1081,7,1082.0,5.0,1089.0,47.0,1077.5,0.0
1,79700,ORCHIDS,1074,10,1073.0,2.0,1067.0,51.0,1081,10,1082.0,2.0,1088.0,51.0,1077.5,0.0
1,79800,ORCHIDS,1073,6,1072.0,3.0,1066.0,44.0,1080,6,1081.0,3.0,1087.0,44.0,1076.5,0.0
1,79900,ORCHIDS,1072,5,1071.0,2.0,1065.0,45.0,1076,7,1079.0,5.0,1080.0,2.0,1074.0,0.0
1,80000,ORCHIDS,1074,5,1073.0,4.0,1067.0,46.0,1081,5,1082.0,4.0,1088.0,46.0,1077.5,0.0
1,80100,ORCHIDS,1073,8,1072.0,2.0,1066.0,53.0,1080,8,1081.0,2.0,1088.0,53.0,1076.5,0.0
1,80200,ORCHIDS,1073,8,1072.0,2.0,1066.0,46.0,1080,8,1081.0,2.0,1087.0,46.0,1076.5,0.0
1,80300,ORCHIDS,1072,10,1071.0,5.0,1065.0,52.0,1079,10,1080.0,5.0,1086.0,52.0,1075.5,0.0
1,80400,ORCHIDS,1072,9,1071.0,2.0,1065.0,57.0,1079,9,1080.0,2.0,1086.0,57.0,1075.5,0.0
1,80500,ORCHIDS,1073,6,1072.0,5.0,1066.0,40.0,1080,6,1081.0,5.0,1088.0,40.0,1076.5,0.0
1,80600,ORCHIDS,1072,8,1071.0,5.0,1065.0,40.0,1079,8,1080.0,5.0,1086.0,40.0,1075.5,0.0
1,80700,ORCHIDS,1073,10,1072.0,2.0,1066.0,55.0,1080,10,1081.0,2.0,1088.0,55.0,1076.5,0.0
1,80800,ORCHIDS,1075,7,1074.0,5.0,1068.0,51.0,1082,7,1083.0,5.0,1089.0,51.0,1078.5,0.0
1,80900,ORCHIDS,1077,6,1076.0,3.0,1070.0,55.0,1084,6,1085.0,3.0,1091.0,55.0,1080.5,0.0
1,81000,ORCHIDS,1077,9,1076.0,5.0,1070.0,50.0,1084,9,1085.0,5.0,1091.0,50.0,1080.5,0.0
1,81100,ORCHIDS,1077,10,1076.0,4.0,1070.0,58.0,1084,10,1085.0,4.0,1091.0,58.0,1080.5,0.0
1,81200,ORCHIDS,1077,8,1076.0,2.0,1070.0,47.0,1084,8,1085.0,2.0,1091.0,47.0,1080.5,0.0
1,81300,ORCHIDS,1078,6,1077.0,4.0,1071.0,46.0,1085,6,1086.0,4.0,1092.0,46.0,1081.5,0.0
1,81400,ORCHIDS,1079,7,1078.0,3.0,1072.0,44.0,1086,7,1087.0,3.0,1094.0,44.0,1082.5,0.0
1,81500,ORCHIDS,1079,10,1078.0,2.0,1072.0,52.0,1086,10,1087.0,2.0,1094.0,52.0,1082.5,0.0
1,81600,ORCHIDS,1079,10,1078.0,5.0,1072.0,53.0,1086,10,1087.0,5.0,1094.0,53.0,1082.5,0.0
1,81700,ORCHIDS,1082,9,1079.0,9.0,1078.0,2.0,1086,9,1087.0,2.0,1094.0,49.0,1084.0,0.0
1,81800,ORCHIDS,1079,9,1078.0,2.0,1072.0,44.0,1086,9,1087.0,2.0,1094.0,44.0,1082.5,0.0
1,81900,ORCHIDS,1078,8,1077.0,3.0,1071.0,42.0,1085,8,1086.0,3.0,1092.0,42.0,1081.5,0.0
1,82000,ORCHIDS,1078,9,1077.0,3.0,1071.0,53.0,1085,9,1086.0,3.0,1093.0,53.0,1081.5,0.0
1,82100,ORCHIDS,1080,7,1079.0,5.0,1073.0,49.0,1084,5,1087.0,7.0,1088.0,5.0,1082.0,0.0
1,82200,ORCHIDS,1081,5,1080.0,4.0,1074.0,38.0,1088,5,1089.0,4.0,1095.0,38.0,1084.5,0.0
1,82300,ORCHIDS,1079,7,1078.0,2.0,1072.0,38.0,1086,7,1087.0,2.0,1094.0,38.0,1082.5,0.0
1,82400,ORCHIDS,1080,10,1079.0,4.0,1073.0,42.0,1087,10,1088.0,4.0,1095.0,42.0,1083.5,0.0
1,82500,ORCHIDS,1082,9,1081.0,4.0,1075.0,56.0,1089,9,1090.0,4.0,1096.0,56.0,1085.5,0.0
1,82600,ORCHIDS,1082,8,1081.0,3.0,1075.0,51.0,1089,8,1090.0,3.0,1097.0,51.0,1085.5,0.0
1,82700,ORCHIDS,1084,8,1083.0,4.0,1077.0,51.0,1091,8,1092.0,4.0,1098.0,51.0,1087.5,0.0
1,82800,ORCHIDS,1084,6,1083.0,5.0,1077.0,38.0,1091,6,1092.0,5.0,1098.0,38.0,1087.5,0.0
1,82900,ORCHIDS,1084,6,1083.0,2.0,1077.0,41.0,1091,6,1092.0,2.0,1098.0,41.0,1087.5,0.0
1,83000,ORCHIDS,1084,9,1083.0,4.0,1077.0,50.0,1091,9,1092.0,4.0,1099.0,50.0,1087.5,0.0
1,83100,ORCHIDS,1084,5,1083.0,5.0,1077.0,41.0,1091,5,1092.0,5.0,1099.0,41.0,1087.5,0.0
1,83200,ORCHIDS,1084,6,1083.0,4.0,1077.0,41.0,1091,6,1092.0,4.0,1098.0,41.0,1087.5,0.0
1,83300,ORCHIDS,1084,5,1083.0,2.0,1077.0,47.0,1091,5,1092.0,2.0,1099.0,47.0,1087.5,0.0
1,83400,ORCHIDS,1083,9,1082.0,5.0,1076.0,47.0,1090,9,1091.0,5.0,1097.0,47.0,1086.5,0.0
1,83500,ORCHIDS,1082,5,1081.0,3.0,1075.0,44.0,1089,5,1090.0,3.0,1097.0,44.0,1085.5,0.0
1,83600,ORCHIDS,1082,7,1081.0,3.0,1075.0,47.0,1089,7,1090.0,3.0,1097.0,47.0,1085.5,0.0
1,83700,ORCHIDS,1083,6,1082.0,3.0,1076.0,50.0,1090,6,1091.0,3.0,1097.0,50.0,1086.5,0.0
1,83800,ORCHIDS,1086,9,1082.0,9.0,1081.0,5.0,1090,9,1091.0,5.0,1097.0,56.0,1088.0,0.0
1,83900,ORCHIDS,1082,5,1081.0,4.0,1075.0,43.0,1090,5,1091.0,4.0,1097.0,43.0,1086.0,0.0
1,84000,ORCHIDS,1083,8,1082.0,2.0,1076.0,45.0,1090,8,1091.0,2.0,1098.0,45.0,1086.5,0.0
1,84100,ORCHIDS,1083,5,1082.0,4.0,1076.0,47.0,1090,5,1091.0,4.0,1098.0,47.0,1086.5,0.0
1,84200,ORCHIDS,1085,10,1082.0,10.0,1081.0,5.0,1089,10,1090.0,5.0,1097.0,51.0,1087.0,0.0
1,84300,ORCHIDS,1084,9,1081.0,9.0,1080.0,3.0,1088,9,1089.0,3.0,1096.0,51.0,1086.0,0.0
1,84400,ORCHIDS,1082,5,1081.0,3.0,1075.0,44.0,1089,5,1090.0,3.0,1096.0,44.0,1085.5,0.0
1,84500,ORCHIDS,1080,6,1079.0,2.0,1073.0,50.0,1087,6,1088.0,2.0,1095.0,50.0,1083.5,0.0
1,84600,ORCHIDS,1081,6,1080.0,4.0,1074.0,54.0,1085,6,1088.0,6.0,1089.0,4.0,1083.0,0.0
1,84700,ORCHIDS,1079,6,1078.0,5.0,1072.0,37.0,1086,6,1087.0,5.0,1093.0,37.0,1082.5,0.0
1,84800,ORCHIDS,1078,8,1077.0,3.0,1071.0,43.0,1085,8,1086.0,3.0,1093.0,43.0,1081.5,0.0
1,84900,ORCHIDS,1077,7,1076.0,2.0,1070.0,42.0,1084,7,1085.0,2.0,1092.0,42.0,1080.5,0.0
1,85000,ORCHIDS,1077,8,1076.0,5.0,1070.0,51.0,1084,8,1085.0,5.0,1091.0,51.0,1080.5,0.0
1,85100,ORCHIDS,1076,7,1075.0,4.0,1069.0,42.0,1083,7,1084.0,4.0,1091.0,42.0,1079.5,0.0
1,85200,ORCHIDS,1076,9,1075.0,5.0,1069.0,42.0,1083,9,1084.0,5.0,1090.0,42.0,1079.5,0.0
1,85300,ORCHIDS,1078,9,1077.0,2.0,1071.0,50.0,1085,9,1086.0,2.0,1092.0,50.0,1081.5,0.0
1,85400,ORCHIDS,1079,6,1078.0,4.0,1072.0,38.0,1086,6,1087.0,4.0,1094.0,38.0,1082.5,0.0
1,85500,ORCHIDS,1079,6,1078.0,4.0,1072.0,52.0,1086,6,1087.0,4.0,1093.0,52.0,1082.5,0.0
1,85600,ORCHIDS,1080,6,1079.0,3.0,1073.0,49.0,1087,6,1088.0,3.0,1095.0,49.0,1083.5,0.0
1,85700,ORCHIDS,1081,7,1080.0,2.0,1074.0,46.0,1088,7,1089.0,2.0,1096.0,46.0,1084.5,0.0
1,85800,ORCHIDS,1079,8,1078.0,4.0,1072.0,46.0,1086,8,1087.0,4.0,1094.0,46.0,1082.5,0.0
1,85900,ORCHIDS,1079,8,1078.0,2.0,1072.0,48.0,1086,8,1087.0,2.0,1094.0,48.0,1082.5,0.0
1,86000,ORCHIDS,1079,9,1078.0,5.0,1072.0,48.0,1087,9,1088.0,5.0,1094.0,48.0,1083.0,0.0
1,86100,ORCHIDS,1079,6,1078.0,4.0,1072.0,44.0,1086,6,1087.0,4.0,1094.0,44.0,1082.5,0.0
1,86200,ORCHIDS,1078,7,1077.0,4.0,1071.0,45.0,1085,7,1086.0,4.0,1093.0,45.0,1081.5,0.0
1,86300,ORCHIDS,1078,9,1077.0,2.0,1071.0,44.0,1086,9,1087.0,2.0,1093.0,44.0,1082.0,0.0
1,86400,ORCHIDS,1078,7,1077.0,5.0,1071.0,40.0,1085,7,1086.0,5.0,1093.0,40.0,1081.5,0.0
1,86500,ORCHIDS,1081,10,1078.0,9.0,1077.0,4.0,1085,9,1086.0,4.0,1093.0,48.0,1083.0,0.0
1,86600,ORCHIDS,1078,10,1077.0,3.0,1071.0,48.0,1085,10,1086.0,3.0,1093.0,48.0,1081.5,0.0
1,86700,ORCHIDS,1078,7,1077.0,5.0,1071.0,45.0,1085,7,1086.0,5.0,1093.0,45.0,1081.5,0.0
1,86800,ORCHIDS,1078,10,1077.0,4.0,1071.0,58.0,1085,10,1086.0,4.0,1093.0,58.0,1081.5,0.0
1,86900,ORCHIDS,1079,9,1078.0,5.0,1072.0,48.0,1086,9,1087.0,5.0,1094.0,48.0,1082.5,0.0
1,87000,ORCHIDS,1080,6,1079.0,4.0,1073.0,42.0,1087,6,1088.0,4.0,1095.0,42.0,1083.5,0.0
1,87100,ORCHIDS,1082,10,1081.0,5.0,1075.0,48.0,1089,10,1090.0,5.0,1097.0,48.0,1085.5,0.0
1,87200,ORCHIDS,1081,9,1080.0,4.0,1074.0,46.0,1088,9,1089.0,4.0,1096.0,46.0,1084.5,0.0
1,87300,ORCHIDS,1081,10,1080.0,5.0,1074.0,51.0,1088,10,1089.0,5.0,1095.0,51.0,1084.5,0.0
1,87400,ORCHIDS,1082,9,1081.0,5.0,1075.0,45.0,1089,9,1090.0,5.0,1096.0,45.0,1085.5,0.0
1,87500,ORCHIDS,1081,5,1080.0,2.0,1074.0,45.0,1089,5,1090.0,2.0,1096.0,45.0,1085.0,0.0
1,87600,ORCHIDS,1083,7,1082.0,4.0,1076.0,51.0,1090,7,1091.0,4.0,1098.0,51.0,1086.5,0.0
1,87700,ORCHIDS,1083,6,1082.0,2.0,1076.0,39.0,1090,6,1091.0,2.0,1097.0,39.0,1086.5,0.0
1,87800,ORCHIDS,1082,5,1081.0,3.0,1075.0,46.0,1089,5,1090.0,3.0,1097.0,46.0,1085.5,0.0
1,87900,ORCHIDS,1085,6,1082.0,6.0,1081.0,2.0,1089,6,1090.0,2.0,1097.0,44.0,1087.0,0.0
1,88000,ORCHIDS,1082,9,1081.0,4.0,1075.0,53.0,1089,9,1090.0,4.0,1097.0,53.0,1085.5,0.0
1,88100,ORCHIDS,1081,6,1080.0,5.0,1074.0,41.0,1088,6,1089.0,5.0,1096.0,41.0,1084.5,0.0
1,88200,ORCHIDS,1083,10,1082.0,4.0,1076.0,47.0,1090,10,1091.0,4.0,1097.0,47.0,1086.5,0.0
1,88300,ORCHIDS,1083,9,1082.0,5.0,1076.0,55.0,1090,9,1091.0,5.0,1098.0,55.0,1086.5,0.0
1,88400,ORCHIDS,1083,9,1082.0,5.0,1076.0,46.0,1090,9,1091.0,5.0,1098.0,46.0,1086.5,0.0
1,88500,ORCHIDS,1082,7,1081.0,3.0,1075.0,43.0,1089,7,1090.0,3.0,1097.0,43.0,1085.5,0.0
1,88600,ORCHIDS,1083,6,1082.0,4.0,1076.0,45.0,1090,6,1091.0,4.0,1097.0,45.0,1086.5,0.0
1,88700,ORCHIDS,1083,5,1082.0,3.0,1076.0,42.0,1087,8,1090.0,5.0,1091.0,3.0,1085.0,0.0
1,88800,ORCHIDS,1084,5,1083.0,3.0,1077.0,37.0,1091,5,1092.0,3.0,1099.0,37.0,1087.5,0.0
1,88900,ORCHIDS,1084,8,1083.0,5.0,1077.0,46.0,1091,8,1092.0,5.0,1099.0,46.0,1087.5,0.0
1,89000,ORCHIDS,1084,6,1083.0,5.0,1077.0,42.0,1091,6,1092.0,5.0,1098.0,42.0,1087.5,0.0
1,89100,ORCHIDS,1084,7,1083.0,5.0,1077.0,52.0,1091,7,1092.0,5.0,1098.0,52.0,1087.5,0.0
1,89200,ORCHIDS,1083,10,1082.0,4.0,1076.0,53.0,1090,10,1091.0,4.0,1097.0,53.0,1086.5,0.0
1,89300,ORCHIDS,1083,9,1082.0,5.0,1076.0,49.0,1090,9,1091.0,5.0,1097.0,49.0,1086.5,0.0
1,89400,ORCHIDS,1082,10,1081.0,4.0,1075.0,46.0,1090,10,1091.0,4.0,1097.0,46.0,1086.0,0.0
1,89500,ORCHIDS,1080,9,1079.0,5.0,1073.0,54.0,1087,9,1088.0,5.0,1095.0,54.0,1083.5,0.0
1,89600,ORCHIDS,1080,9,1079.0,5.0,1073.0,49.0,1087,9,1088.0,5.0,1095.0,49.0,1083.5,0.0
1,89700,ORCHIDS,1079,5,1078.0,2.0,1072.0,50.0,1086,5,1087.0,2.0,1093.0,50.0,1082.5,0.0
1,89800,ORCHIDS,1079,5,1078.0,4.0,1072.0,47.0,1086,5,1087.0,4.0,1094.0,47.0,1082.5,0.0
1,89900,ORCHIDS,1080,9,1079.0,5.0,1073.0,48.0,1087,9,1088.0,5.0,1094.0,48.0,1083.5,0.0
1,90000,ORCHIDS,1080,7,1079.0,3.0,1073.0,43.0,1087,7,1088.0,3.0,1095.0,43.0,1083.5,0.0
1,90100,ORCHIDS,1083,8,1080.0,5.0,1079.0,3.0,1087,5,1088.0,3.0,1094.0,35.0,1085.0,0.0
1,90200,ORCHIDS,1080,5,1079.0,2.0,1073.0,47.0,1087,5,1088.0,2.0,1095.0,47.0,1083.5,0.0
1,90300,ORCHIDS,1080,9,1079.0,4.0,1073.0,50.0,1087,9,1088.0,4.0,1095.0,50.0,1083.5,0.0
1,90400,ORCHIDS,1080,8,1079.0,5.0,1073.0,43.0,1087,8,1088.0,5.0,1094.0,43.0,1083.5,0.0
1,90500,ORCHIDS,1079,7,1078.0,4.0,1072.0,44.0,1087,7,1088.0,4.0,1094.0,44.0,1083.0,0.0
1,90600,ORCHIDS,1079,9,1078.0,5.0,1072.0,51.0,1086,9,1087.0,5.0,1094.0,51.0,1082.5,0.0
1,90700,ORCHIDS,1078,5,1077.0,3.0,1071.0,44.0,1085,5,1086.0,3.0,1093.0,44.0,1081.5,0.0
1,90800,ORCHIDS,1078,7,1077.0,3.0,1071.0,42.0,1085,7,1086.0,3.0,1093.0,42.0,1081.5,0.0
1,90900,ORCHIDS,1076,8,1075.0,4.0,1069.0,42.0,1083,8,1084.0,4.0,1091.0,42.0,1079.5,0.0
1,91000,ORCHIDS,1076,9,1075.0,4.0,1069.0,48.0,1083,9,1084.0,4.0,1091.0,48.0,1079.5,0.0
1,91100,ORCHIDS,1076,9,1075.0,5.0,1069.0,48.0,1083,9,1084.0,5.0,1091.0,48.0,1079.5,0.0
1,91200,ORCHIDS,1075,5,1074.0,5.0,1068.0,45.0,1082,5,1083.0,5.0,1090.0,45.0,1078.5,0.0
1,91300,ORCHIDS,1075,10,1074.0,3.0,1068.0,46.0,1082,10,1083.0,3.0,1089.0,46.0,1078.5,0.0
1,91400,ORCHIDS,1073,9,1072.0,5.0,1066.0,44.0,1080,9,1081.0,5.0,1088.0,44.0,1076.5,0.0
1,91500,ORCHIDS,1074,8,1073.0,4.0,1067.0,51.0,1081,8,1082.0,4.0,1088.0,51.0,1077.5,0.0
1,91600,ORCHIDS,1075,10,1074.0,5.0,1068.0,54.0,1082,10,1083.0,5.0,1090.0,54.0,1078.5,0.0
1,91700,ORCHIDS,1074,8,1073.0,3.0,1067.0,49.0,1081,8,1082.0,3.0,1088.0,49.0,1077.5,0.0
1,91800,ORCHIDS,1073,9,1072.0,3.0,1066.0,46.0,1080,9,1081.0,3.0,1088.0,46.0,1076.5,0.0
1,91900,ORCHIDS,1073,7,1072.0,3.0,1066.0,45.0,1080,7,1081.0,3.0,1088.0,45.0,1076.5,0.0
1,92000,ORCHIDS,1073,7,1072.0,2.0,1066.0,46.0,1080,7,1081.0,2.0,1088.0,46.0,1076.5,0.0
1,92100,ORCHIDS,1072,9,1071.0,5.0,1065.0,47.0,1079,9,1080.0,5.0,1087.0,47.0,1075.5,0.0
1,92200,ORCHIDS,1073,9,1072.0,3.0,1066.0,52.0,1080,9,1081.0,3.0,1088.0,52.0,1076.5,0.0
1,92300,ORCHIDS,1073,8,1072.0,2.0,1066.0,58.0,1080,8,1081.0,2.0,1088.0,58.0,1076.5,0.0
1,92400,ORCHIDS,1074,6,1073.0,2.0,1067.0,41.0,1081,6,1082.0,2.0,1088.0,41.0,1077.5,0.0
1,92500,ORCHIDS,1074,9,1073.0,2.0,1067.0,51.0,1081,9,1082.0,2.0,1088.0,51.0,1077.5,0.0
1,92600,ORCHIDS,1072,5,1071.0,3.0,1065.0,41.0,1079,5,1080.0,3.0,1087.0,41.0,1075.5,0.0
1,92700,ORCHIDS,1074,10,1073.0,3.0,1067.0,48.0,1081,10,1082.0,3.0,1088.0,48.0,1077.5,0.0
1,92800,ORCHIDS,1074,10,1073.0,5.0,1067.0,49.0,1081,10,1082.0,5.0,1089.0,49.0,1077.5,0.0
1,92900,ORCHIDS,1074,9,1073.0,2.0,1067.0,56.0,1081,9,1082.0,2.0,1089.0,56.0,1077.5,0.0
1,93000,ORCHIDS,1075,9,1074.0,3.0,1068.0,43.0,1082,9,1083.0,3.0,1089.0,43.0,1078.5,0.0
1,93100,ORCHIDS,1074,5,1073.0,2.0,1067.0,49.0,1081,5,1082.0,2.0,1089.0,49.0,1077.5,0.0
1,93200,ORCHIDS,1074,8,1073.0,3.0,1067.0,54.0,1081,8,1082.0,3.0,1089.0,54.0,1077.5,0.0
1,93300,ORCHIDS,1074,8,1073.0,4.0,1067.0,49.0,1081,8,1082.0,4.0,1089.0,49.0,1077.5,0.0
1,93400,ORCHIDS,1074,5,1073.0,4.0,1067.0,49.0,1082,5,1083.0,4.0,1089.0,49.0,1078.0,0.0
1,93500,ORCHIDS,1075,6,1074.0,2.0,1068.0,44.0,1082,6,1083.0,2.0,1089.0,44.0,1078.5,0.0
1,93600,ORCHIDS,1074,5,1073.0,3.0,1067.0,38.0,1081,5,1082.0,3.0,1089.0,38.0,1077.5,0.0
1,93700,ORCHIDS,1075,10,1074.0,3.0,1068.0,47.0,1082,10,1083.0,3.0,1089.0,47.0,1078.5,0.0
1,93800,ORCHIDS,1075,6,1074.0,2.0,1068.0,48.0,1082,6,1083.0,2.0,1089.0,48.0,1078.5,0.0
1,93900,ORCHIDS,1074,8,1073.0,2.0,1067.0,48.0,1081,8,1082.0,2.0,1089.0,48.0,1077.5,0.0
1,94000,ORCHIDS,1074,9,1073.0,2.0,1067.0,50.0,1082,9,1083.0,2.0,1089.0,50.0,1078.0,0.0
1,94100,ORCHIDS,1075,10,1074.0,4.0,1068.0,44.0,1079,5,1082.0,10.0,1083.0,4.0,1077.0,0.0
1,94200,ORCHIDS,1075,7,1074.0,2.0,1068.0,49.0,1082,7,1083.0,2.0,1090.0,49.0,1078.5,0.0
1,94300,ORCHIDS,1074,6,1073.0,3.0,1067.0,48.0,1081,6,1082.0,3.0,1089.0,48.0,1077.5,0.0
1,94400,ORCHIDS,1074,5,1073.0,3.0,1067.0,45.0,1081,5,1082.0,3.0,1089.0,45.0,1077.5,0.0
1,94500,ORCHIDS,1074,6,1073.0,4.0,1067.0,47.0,1078,9,1081.0,6.0,1082.0,4.0,1076.0,0.0
1,94600,ORCHIDS,1074,9,1073.0,4.0,1067.0,45.0,1081,9,1082.0,4.0,1089.0,45.0,1077.5,0.0
1,94700,ORCHIDS,1075,6,1074.0,3.0,1068.0,41.0,1082,6,1083.0,3.0,1089.0,41.0,1078.5,0.0
1,94800,ORCHIDS,1076,9,1075.0,3.0,1069.0,47.0,1083,9,1084.0,3.0,1090.0,47.0,1079.5,0.0
1,94900,ORCHIDS,1076,8,1075.0,4.0,1069.0,42.0,1080,10,1083.0,8.0,1084.0,4.0,1078.0,0.0
1,95000,ORCHIDS,1077,6,1076.0,2.0,1070.0,44.0,1084,6,1085.0,2.0,1091.0,44.0,1080.5,0.0
1,95100,ORCHIDS,1076,5,1075.0,2.0,1069.0,46.0,1083,5,1084.0,2.0,1090.0,46.0,1079.5,0.0
1,95200,ORCHIDS,1081,5,1076.0,5.0,1075.0,3.0,1083,5,1084.0,3.0,1090.0,47.0,1082.0,0.0
1,95300,ORCHIDS,1076,7,1075.0,2.0,1069.0,45.0,1083,7,1084.0,2.0,1091.0,45.0,1079.5,0.0
1,95400,ORCHIDS,1076,6,1075.0,5.0,1069.0,49.0,1083,6,1084.0,5.0,1091.0,49.0,1079.5,0.0
1,95500,ORCHIDS,1073,7,1072.0,4.0,1066.0,52.0,1080,7,1081.0,4.0,1088.0,52.0,1076.5,0.0
1,95600,ORCHIDS,1073,10,1072.0,3.0,1066.0,50.0,1077,9,1081.0,10.0,1082.0,3.0,1075.0,0.0
1,95700,ORCHIDS,1073,10,1072.0,2.0,1066.0,45.0,1081,10,1082.0,2.0,1088.0,45.0,1077.0,0.0
1,95800,ORCHIDS,1072,7,1071.0,3.0,1065.0,38.0,1079,7,1080.0,3.0,1087.0,38.0,1075.5,0.0
1,95900,ORCHIDS,1071,9,1070.0,3.0,1064.0,46.0,1078,9,1079.0,3.0,1085.0,46.0,1074.5,0.0
1,96000,ORCHIDS,1071,9,1070.0,2.0,1064.0,52.0,1078,9,1079.0,2.0,1085.0,52.0,1074.5,0.0
1,96100,ORCHIDS,1070,10,1069.0,5.0,1063.0,53.0,1077,10,1078.0,5.0,1084.0,53.0,1073.5,0.0
1,96200,ORCHIDS,1068,5,1067.0,5.0,1061.0,41.0,1075,5,1076.0,5.0,1083.0,41.0,1071.5,0.0
1,96300,ORCHIDS,1068,9,1067.0,5.0,1061.0,56.0,1075,9,1076.0,5.0,1083.0,56.0,1071.5,0.0
1,96400,ORCHIDS,1068,8,1067.0,4.0,1061.0,48.0,1076,8,1077.0,4.0,1083.0,48.0,1072.0,0.0
1,96500,ORCHIDS,1069,8,1068.0,2.0,1062.0,51.0,1076,8,1077.0,2.0,1083.0,51.0,1072.5,0.0
1,96600,ORCHIDS,1069,9,1068.0,2.0,1062.0,42.0,1071,3,1076.0,9.0,1077.0,2.0,1070.0,0.0
1,96700,ORCHIDS,1070,6,1069.0,5.0,1063.0,37.0,1077,6,1078.0,5.0,1085.0,37.0,1073.5,0.0
1,96800,ORCHIDS,1071,6,1070.0,4.0,1064.0,39.0,1078,6,1079.0,4.0,1086.0,39.0,1074.5,0.0
1,96900,ORCHIDS,1071,6,1070.0,3.0,1064.0,53.0,1078,6,1079.0,3.0,1086.0,53.0,1074.5,0.0
1,97000,ORCHIDS,1074,9,1073.0,4.0,1066.0,48.0,1081,9,1082.0,4.0,1088.0,48.0,1077.5,0.0
1,97100,ORCHIDS,1076,7,1075.0,5.0,1069.0,49.0,1083,7,1084.0,5.0,1091.0,49.0,1079.5,0.0
1,97200,ORCHIDS,1074,6,1073.0,3.0,1066.0,41.0,1081,6,1082.0,3.0,1088.0,41.0,1077.5,0.0
1,97300,ORCHIDS,1072,6,1071.0,5.0,1064.0,51.0,1079,6,1080.0,5.0,1086.0,51.0,1075.5,0.0
1,97400,ORCHIDS,1070,5,1069.0,2.0,1063.0,49.0,1077,5,1078.0,2.0,1085.0,49.0,1073.5,0.0
1,97500,ORCHIDS,1072,6,1071.0,3.0,1064.0,46.0,1079,6,1080.0,3.0,1086.0,46.0,1075.5,0.0
1,97600,ORCHIDS,1072,5,1071.0,4.0,1064.0,43.0,1079,5,1080.0,4.0,1086.0,43.0,1075.5,0.0
1,97700,ORCHIDS,1071,9,1070.0,4.0,1063.0,45.0,1078,9,1079.0,4.0,1085.0,45.0,1074.5,0.0
1,97800,ORCHIDS,1071,6,1070.0,2.0,1063.0,53.0,1078,6,1079.0,2.0,1085.0,53.0,1074.5,0.0
1,97900,ORCHIDS,1071,10,1070.0,5.0,1063.0,49.0,1078,10,1079.0,5.0,1085.0,49.0,1074.5,0.0
1,98000,ORCHIDS,1071,7,1070.0,5.0,1063.0,46.0,1078,7,1079.0,5.0,1086.0,46.0,1074.5,0.0
1,98100,ORCHIDS,1071,7,1070.0,4.0,1063.0,46.0,1078,7,1079.0,4.0,1085.0,46.0,1074.5,0.0
1,98200,ORCHIDS,1070,8,1069.0,5.0,1062.0,50.0,1077,8,1078.0,5.0,1084.0,50.0,1073.5,0.0
1,98300,ORCHIDS,1071,5,1070.0,2.0,1063.0,55.0,1078,5,1079.0,2.0,1085.0,55.0,1074.5,0.0
1,98400,ORCHIDS,1071,6,1070.0,5.0,1063.0,49.0,1078,6,1079.0,5.0,1085.0,49.0,1074.5,0.0
1,98500,ORCHIDS,1071,10,1070.0,4.0,1063.0,48.0,1078,10,1079.0,4.0,1086.0,48.0,1074.5,0.0
1,98600,ORCHIDS,1070,9,1069.0,4.0,1063.0,56.0,1077,9,1078.0,4.0,1085.0,56.0,1073.5,0.0
1,98700,ORCHIDS,1070,9,1069.0,3.0,1062.0,55.0,1077,9,1078.0,3.0,1085.0,55.0,1073.5,0.0
1,98800,ORCHIDS,1069,5,1068.0,3.0,1061.0,47.0,1076,5,1077.0,3.0,1083.0,47.0,1072.5,0.0
1,98900,ORCHIDS,1069,9,1068.0,3.0,1061.0,42.0,1076,9,1077.0,3.0,1083.0,42.0,1072.5,0.0
1,99000,ORCHIDS,1070,6,1069.0,4.0,1063.0,46.0,1072,3,1077.0,6.0,1078.0,4.0,1071.0,0.0
1,99100,ORCHIDS,1070,7,1069.0,5.0,1063.0,51.0,1077,7,1078.0,5.0,1085.0,51.0,1073.5,0.0
1,99200,ORCHIDS,1069,6,1068.0,3.0,1061.0,45.0,1076,6,1077.0,3.0,1083.0,45.0,1072.5,0.0
1,99300,ORCHIDS,1068,6,1067.0,3.0,1061.0,53.0,1075,6,1076.0,3.0,1083.0,53.0,1071.5,0.0
1,99400,ORCHIDS,1068,7,1067.0,5.0,1060.0,52.0,1075,7,1076.0,5.0,1082.0,52.0,1071.5,0.0
1,99500,ORCHIDS,1067,5,1066.0,4.0,1060.0,43.0,1074,5,1075.0,4.0,1082.0,43.0,1070.5,0.0
1,99600,ORCHIDS,1068,7,1067.0,2.0,1061.0,46.0,1075,7,1076.0,2.0,1083.0,46.0,1071.5,0.0
1,99700,ORCHIDS,1068,5,1067.0,3.0,1061.0,48.0,1076,5,1077.0,3.0,1083.0,48.0,1072.0,0.0
1,99800,ORCHIDS,1068,8,1067.0,3.0,1061.0,49.0,1075,8,1076.0,3.0,1083.0,49.0,1071.5,0.0
1,99900,ORCHIDS,1067,7,1066.0,4.0,1059.0,49.0,1074,7,1075.0,4.0,1081.0,49.0,1070.5,0.0
